{
    "career_field_checklists": {
      "Manufacturing & Production": [
        "Interest in working with machinery and tools.",
        "Curiosity about improving production efficiency.",
        "Strong attention to detail and quality control.",
        "Desire to optimize manufacturing processes.",
        "Ability to work in a fast-paced environment.",
        "Interest in automation and robotics.",
        "Understanding of safety protocols in manufacturing.",
        "Problem-solving skills in production lines.",
        "Ability to oversee the production team.",
        "Interest in sustainable manufacturing practices.",
        "Knowledge of supply chain management.",
        "Interest in lean manufacturing principles.",
        "Desire to work with cutting-edge technologies in production.",
        "Strong analytical skills for performance evaluation.",
        "Ability to manage inventory and resources.",
        "Interest in developing new production techniques.",
        "Desire to manage product testing and prototyping.",
        "Experience with or willingness to learn about ERP software.",
        "Ability to maintain and repair machines.",
        "Desire to work in a high-output environment like factories or assembly lines.",
        "Ability to negotiate contracts and manage relationships with stakeholders."
      ],
      "Management: Organization & Planning": [
        "Interest in leading teams and departments.",
        "Strong organizational and time management skills.",
        "Ability to strategize and make long-term plans.",
        "Strong problem-solving skills for organizational challenges.",
        "Ability to delegate tasks efficiently.",
        "Desire to work in project management.",
        "Interest in optimizing processes for efficiency.",
        "Ability to handle budgets and financial planning.",
        "Interest in human resource management.",
        "Strong communication and interpersonal skills.",
        "Desire to work in corporate strategy or business development.",
        "Interest in market analysis and trend forecasting.",
        "Ability to prioritize tasks and manage deadlines.",
        "Strong leadership skills to motivate and manage people.",
        "Curiosity about business operations and performance metrics.",
        "Desire to work in crisis management and risk assessment.",
        "Strong knowledge of business law and ethics.",
        "Ability to work with cross-functional teams.",
        "Interest in managing a company’s operations and growth.",
        "Ability to negotiate contracts and manage relationships with stakeholders."
      ],
      "Electronics/Electrical Engineering": [
      "Interest in designing and testing electrical circuits.",
      "Curiosity about electronics and digital systems.",
      "Desire to work with renewable energy technologies.",
      "Strong problem-solving skills in electronics.",
      "Interest in electrical design and troubleshooting.",
      "Ability to work with complex hardware systems.",
      "Curiosity about robotics and automation.",
      "Experience with electrical schematics and circuit boards.",
      "Knowledge of electrical codes and regulations.",
      "Ability to work in high-pressure, high-risk environments.",
      "Desire to work in telecommunications or power systems.",
      "Ability to troubleshoot and repair electrical equipment.",
      "Understanding of electrical materials and components.",
      "Ability to work with microelectronics and embedded systems.",
      "Interest in control systems and instrumentation.",
      "Strong mathematical and physics skills.",
      "Desire to work in research and development of electrical products.",
      "Familiarity with electrical simulation software.",
      "Ability to ensure compliance with electrical safety standards.",
      "Interest in working in consumer electronics or aerospace applications."
    ],
    "Computing/IT": [
      "Interest in coding and software development.",
      "Ability to troubleshoot hardware and software issues.",
      "Passion for cybersecurity and protecting digital assets.",
      "Curiosity about developing mobile applications or websites.",
      "Knowledge of programming languages (Java, Python, etc.).",
      "Interest in machine learning and artificial intelligence.",
      "Desire to work in cloud computing or network systems.",
      "Strong analytical and problem-solving skills.",
      "Curiosity about data analysis and database management.",
      "Interest in video game development.",
      "Ability to work in a team to develop software or IT infrastructure.",
      "Familiarity with IT support and system maintenance.",
      "Interest in developing new technologies or solutions.",
      "Knowledge of user experience (UX) and user interface (UI) design.",
      "Ability to work with IT project management tools.",
      "Curiosity about digital transformation and innovation.",
      "Passion for working with data science or big data.",
      "Interest in working with hardware components and building computers.",
      "Desire to work with emerging technologies like quantum computing.",
      "Interest in software testing and quality assurance."
    ],
    "Mechanical & Related Engineering": [
        "Interest in designing mechanical systems and machinery.",
        "Strong understanding of mechanics, thermodynamics, and materials science.",
        "Desire to work with CAD (computer-aided design) tools.",
        "Curiosity about robotics and automation.",
        "Ability to analyze mechanical problems and find solutions.",
        "Interest in automotive design and engineering.",
        "Desire to work in aerospace engineering or product design.",
        "Knowledge of mechanical testing and simulation.",
        "Ability to conduct failure analysis of mechanical systems.",
        "Understanding of manufacturing processes for mechanical parts.",
        "Ability to create prototypes and models of mechanical systems.",
        "Passion for working in the renewable energy sector.",
        "Desire to manage and optimize mechanical processes.",
        "Interest in developing sustainable mechanical solutions.",
        "Curiosity about 3D printing and additive manufacturing.",
        "Ability to work with hydraulic and pneumatic systems.",
        "Experience with mechanical repair and maintenance.",
        "Desire to work in high-tech industries such as robotics or aerospace.",
        "Ability to work with computer simulations to test designs.",
        "Knowledge of safety standards in mechanical engineering."
      ],
      "Physics": [
      "Passion for understanding the laws of nature and the universe.",
      "Strong mathematical skills for solving complex problems.",
      "Interest in conducting experiments and research.",
      "Desire to work in theoretical physics and develop new theories.",
      "Curiosity about quantum mechanics or astrophysics.",
      "Desire to contribute to advancements in energy systems.",
      "Ability to use computer modeling for physical systems.",
      "Interest in applied physics and its real-world applications.",
      "Knowledge of laboratory equipment and scientific techniques.",
      "Strong analytical skills for data interpretation.",
      "Passion for exploring space or subatomic particles.",
      "Curiosity about materials science and its applications.",
      "Desire to work in a research or academic setting.",
      "Understanding of the principles of electromagnetism, thermodynamics, and optics.",
      "Interest in working in the defense, aerospace, or energy sectors.",
      "Ability to explain complex scientific concepts to the public.",
      "Knowledge of scientific ethics and research integrity.",
      "Interest in environmental physics and addressing global challenges.",
      "Desire to contribute to cutting-edge scientific discoveries.",
      "Ability to collaborate with interdisciplinary teams in scientific fields."
    ],
    "Creative Arts and Crafts": [
        "Passion for artistic expression and creativity.",
        "Interest in working with various materials (paint, clay, textiles, etc.).",
        "Strong visual and spatial awareness.",
        "Desire to create original and unique artwork.",
        "Curiosity about art history and different art movements.",
        "Ability to work independently and manage personal projects.",
        "Strong attention to detail and craftsmanship.",
        "Knowledge of different artistic techniques and styles.",
        "Interest in teaching or sharing art with others.",
        "Ability to adapt to various artistic trends.",
        "Willingness to experiment with new forms of media.",
        "Desire to create pieces that tell a story or convey emotions.",
        "Ability to communicate through visual art.",
        "Interest in creating art for exhibitions or galleries.",
        "Knowledge of how to market or sell artwork.",
        "Familiarity with digital art tools and design software.",
        "Passion for pursuing a career as an artist or designer.",
        "Ability to critique and analyze works of art.",
        "Desire to collaborate with other artists or organizations.",
        "Curiosity about sustainability in art-making practices."
      ],
      "Performing Arts Related": [
        "Passion for performance and live entertainment.",
        "Interest in acting, singing, or dancing.",
        "Ability to memorize scripts and perform under pressure.",
        "Strong stage presence and public speaking skills.",
        "Desire to entertain and connect with audiences.",
        "Willingness to perform in different venues and settings.",
        "Strong work ethic and dedication to rehearsals.",
        "Interest in stage management or technical theater.",
        "Ability to work well in a team environment.",
        "Interest in musical theater or opera.",
        "Desire to pursue a career in film, TV, or theater.",
        "Ability to understand and express complex emotions through performance.",
        "Desire to perform in front of diverse audiences.",
        "Curiosity about behind-the-scenes production work.",
        "Ability to adapt to different roles or styles of performance.",
        "Interest in teaching performing arts to others.",
        "Passion for creating original performances or performances in collaboration.",
        "Willingness to travel for performances and auditions.",
        "Ability to engage in continuous practice and skill development.",
        "Interest in the historical and cultural aspects of performance arts."
      ],
      "Public Protection & Security": [
        "Interest in law enforcement or public safety.",
        "Desire to protect and serve the community.",
        "Ability to make quick decisions under pressure.",
        "Strong communication and interpersonal skills.",
        "Interest in working in emergency response situations.",
        "Knowledge of safety protocols and emergency procedures.",
        "Willingness to work irregular hours, including nights and weekends.",
        "Ability to remain calm in high-stress situations.",
        "Interest in working with law enforcement technology (e.g., surveillance, cybersecurity).",
        "Ability to think critically and solve complex problems.",
        "Desire to work in crisis management or disaster relief.",
        "Interest in investigative work or forensic science.",
        "Ability to maintain public trust and uphold ethical standards.",
        "Knowledge of legal systems and criminal law.",
        "Interest in working in physical security or private investigation.",
        "Ability to de-escalate confrontational situations.",
        "Desire to contribute to national or global security efforts.",
        "Interest in homeland security or border protection.",
        "Desire to help reduce crime and improve safety in communities.",
        "Ability to assess risk and implement preventive measures."
      ],
      "Sports/Leisure/Recreation": [
      "Passion for sports and physical activity.",
      "Desire to work in sports management or event planning.",
      "Interest in coaching, training, or mentoring athletes.",
      "Ability to work in a team environment or individually.",
      "Knowledge of sports rules, strategies, and physical fitness.",
      "Interest in sports medicine and injury prevention.",
      "Desire to improve the physical well-being of others.",
      "Strong communication skills for coaching or teaching.",
      "Interest in promoting a healthy lifestyle and fitness programs.",
      "Ability to manage sports facilities or leisure programs.",
      "Knowledge of recreational activities and outdoor sports.",
      "Ability to design fitness programs or recreational events.",
      "Desire to work with children or young athletes.",
      "Passion for sports marketing or sports media.",
      "Interest in working with sports psychology and athlete development.",
      "Desire to contribute to community sports or recreational events.",
      "Interest in sports technology and innovations.",
      "Ability to manage sports teams or athletes at different levels.",
      "Knowledge of nutrition and physical training principles.",
      "Interest in working with special needs or adaptive sports programs."
    ],
    "Nursing and Allied Health Protection": [
        "Compassionate and caring nature toward others.",
        "Desire to work in healthcare and help improve patients' well-being.",
        "Ability to work in high-pressure environments, such as hospitals.",
        "Strong communication skills to interact with patients and their families.",
        "Interest in various healthcare fields (nursing, physiotherapy, occupational therapy).",
        "Desire to work with a diverse range of patients.",
        "Ability to handle medical emergencies and make quick decisions.",
        "Knowledge of medical procedures and healthcare regulations.",
        "Interest in healthcare education or patient advocacy.",
        "Willingness to work irregular hours, including nights and weekends.",
        "Ability to empathize and offer psychological support to patients.",
        "Interest in medical research and improving healthcare practices.",
        "Ability to maintain patient confidentiality and adhere to medical ethics.",
        "Desire to promote preventative healthcare and wellness.",
        "Strong attention to detail in healthcare settings.",
        "Knowledge of healthcare technology and electronic health records.",
        "Ability to work collaboratively with healthcare teams.",
        "Desire to specialize in a specific area of healthcare (e.g., pediatrics, geriatrics).",
        "Passion for working in community health or public health programs.",
        "Interest in healthcare leadership or administration."
      ],
      "Psychology": [
        "Interest in understanding human behavior and mental processes.",
        "Desire to help others overcome emotional or psychological challenges.",
        "Ability to analyze and interpret psychological data.",
        "Curiosity about cognitive, developmental, and social psychology.",
        "Interest in clinical psychology and mental health treatment.",
        "Knowledge of psychological theories and therapeutic techniques.",
        "Strong listening and communication skills.",
        "Ability to work with diverse populations in therapy or counseling.",
        "Interest in conducting psychological research and studies.",
        "Desire to work in organizational psychology or human resources.",
        "Passion for promoting mental health awareness.",
        "Ability to build rapport with clients and provide support.",
        "Interest in working in schools, hospitals, or private practice.",
        "Knowledge of psychological assessments and testing methods.",
        "Desire to specialize in areas like addiction, trauma, or child psychology.",
        "Ability to understand and apply ethical standards in psychology.",
        "Interest in working with underserved or vulnerable communities.",
        "Desire to teach or advise in psychology programs or universities.",
        "Ability to manage mental health crises and provide interventions.",
        "Interest in promoting psychological well-being and prevention programs."
      ],
      "Theatrical Support": [
      "Interest in behind-the-scenes work in theater productions.",
      "Knowledge of stage design, lighting, sound, and set construction.",
      "Desire to work with directors and actors to support productions.",
      "Interest in costume design and wardrobe management.",
      "Ability to work under tight deadlines to prepare for performances.",
      "Strong attention to detail in technical aspects of theater.",
      "Curiosity about sound engineering and mixing for theater.",
      "Desire to contribute to visual storytelling through design.",
      "Knowledge of theater production software and technology.",
      "Ability to handle stage props and special effects.",
      "Interest in stage management and coordinating rehearsals.",
      "Desire to work with a creative and collaborative team.",
      "Ability to troubleshoot technical problems during live performances.",
      "Interest in safety protocols for stage and audience areas.",
      "Strong organizational skills for managing theater logistics.",
      "Ability to learn and adapt to new technologies in theater production.",
      "Passion for providing a memorable experience for audiences.",
      "Interest in working with theater lighting systems and visual effects.",
      "Desire to pursue a career in theatrical direction or production.",
      "Ability to communicate effectively with performers and production staff."
    ],
    "Fashion/Clothing/Textile": [
      "Passion for fashion design, trends, and clothing.",
      "Interest in working with fabrics, patterns, and textures.",
      "Ability to sketch and conceptualize fashion designs.",
      "Knowledge of fashion history and cultural influences.",
      "Desire to create clothing that fits individual styles or mass markets.",
      "Interest in sustainable fashion and eco-friendly materials.",
      "Ability to use design software like CAD (Computer-Aided Design).",
      "Knowledge of textile production processes (weaving, dyeing, etc.).",
      "Strong attention to detail and craftsmanship.",
      "Ability to stay up-to-date with industry trends and technologies.",
      "Interest in garment construction, tailoring, or altering clothing.",
      "Desire to manage a fashion business or work in fashion marketing.",
      "Strong color sense and design aesthetics.",
      "Passion for creating fashion accessories (hats, bags, shoes).",
      "Interest in fashion photography or visual merchandising.",
      "Ability to work in teams or as part of a collaborative design process.",
      "Desire to work in fashion retail, styling, or consultancy.",
      "Knowledge of fashion marketing, branding, and consumer trends.",
      "Ability to adapt designs for different body types and demographics.",
      "Interest in designing for specific occasions or functional clothing."
    ],
    "Graphic Design": [
        "Strong visual communication skills and creativity.",
        "Interest in using design software like Adobe Photoshop, Illustrator, etc.",
        "Ability to create logos, brochures, advertisements, and web graphics.",
        "Desire to work on digital and print media design.",
        "Knowledge of typography, color theory, and layout design.",
        "Strong attention to detail and precision in design work.",
        "Interest in branding and corporate identity.",
        "Ability to communicate and collaborate with clients or teams.",
        "Desire to work on user interface (UI) or user experience (UX) design.",
        "Familiarity with web design principles and responsive design.",
        "Knowledge of multimedia and digital animation.",
        "Passion for visual storytelling through graphic design.",
        "Ability to design for various platforms, including social media, print, and digital.",
        "Understanding of design principles and graphic design trends.",
        "Ability to work within tight deadlines and manage projects.",
        "Interest in motion graphics and video editing.",
        "Ability to balance creativity with practicality for marketing purposes.",
        "Passion for designing for non-profit or social causes.",
        "Knowledge of accessibility principles in design.",
        "Desire to pursue a career in advertising, digital media, or branding."
      ],
      "Commercial Art/Antiques": [
        "Interest in traditional or digital artistic methods.",
        "Passion for creating art that has commercial appeal or historical significance.",
        "Knowledge of antique preservation techniques and history.",
        "Desire to work in the art world, from galleries to auctions.",
        "Ability to create art for commercial purposes (advertising, design).",
        "Interest in the business of selling or collecting antiques.",
        "Understanding of the art market and trends in commercial art.",
        "Ability to assess the value of antiques and artwork.",
        "Knowledge of historical art movements and antique craftsmanship.",
        "Desire to work in restoration and conservation of artworks or antiques.",
        "Ability to create art that resonates with modern consumers.",
        "Passion for collecting or dealing in vintage art, antiques, or collectibles.",
        "Ability to market and promote artwork or antique collections.",
        "Interest in art curation, gallery management, or museum work.",
        "Understanding of copyright laws in art and antiques.",
        "Ability to work with clients to create custom art or antiques.",
        "Knowledge of the technical aspects of art, such as framing or printing.",
        "Interest in integrating antiques into modern design or interiors.",
        "Desire to combine artistic creativity with business or marketing.",
        "Ability to create art that is both functional and aesthetically appealing."
      ],
      "Academic Art": [
        "Passion for studying and analyzing art history and theory.",
        "Desire to create art that reflects personal interpretation or culture.",
        "Strong interest in academic research, writing, and publishing on art.",
        "Ability to critique and interpret classical and contemporary artworks.",
        "Interest in the educational aspects of art and its impact on society.",
        "Desire to work in academia as a professor or researcher in art.",
        "Strong knowledge of art techniques and historical movements.",
        "Ability to engage in scholarly discussions on art and aesthetics.",
        "Interest in teaching art history, theory, or visual culture.",
        "Desire to contribute to academic publications, journals, or conferences.",
        "Knowledge of the philosophical and theoretical underpinnings of art.",
        "Ability to lead or curate exhibitions for academic institutions or museums.",
        "Interest in conducting research into the preservation of art.",
        "Ability to combine art practice with academic scholarship.",
        "Desire to explore how art can be integrated into various academic fields.",
        "Passion for interdisciplinary studies related to art.",
        "Strong writing and communication skills for academic purposes.",
        "Interest in cross-cultural or global art history.",
        "Knowledge of current trends and debates in the art world.",
        "Ability to mentor or guide emerging artists in academic settings."
      ],
      "Musical Performing Art": [
        "Passion for music and performance.",
        "Ability to play musical instruments or sing proficiently.",
        "Desire to perform in front of live audiences or in recording studios.",
        "Interest in working with orchestras, bands, or solo performances.",
        "Strong knowledge of music theory and notation.",
        "Ability to collaborate with other musicians and performers.",
        "Interest in composing or arranging music.",
        "Desire to specialize in a particular genre or musical tradition.",
        "Passion for music education, teaching, or mentoring.",
        "Knowledge of sound engineering, mixing, and recording techniques.",
        "Desire to pursue a career in music production or direction.",
        "Interest in performing in theater productions or musical theater.",
        "Ability to adapt music for different audiences and venues.",
        "Interest in music therapy or using music for emotional well-being.",
        "Desire to work in music industry management or promotion.",
        "Ability to create and perform original compositions.",
        "Passion for live performances, concerts, or music festivals.",
        "Interest in integrating technology with live music performances.",
        "Knowledge of music business and copyright law.",
        "Desire to contribute to cultural or educational music programs."
      ],
      "Teaching/Advisory": [
      "Passion for helping others learn and develop new skills.",
      "Strong communication and presentation skills.",
      "Ability to break down complex concepts into understandable parts.",
      "Desire to work with students at various academic levels.",
      "Ability to create lesson plans and educational materials.",
      "Knowledge of teaching methodologies and pedagogy.",
      "Interest in providing guidance or academic advising to students.",
      "Ability to assess student progress and provide constructive feedback.",
      "Desire to work in specific fields (e.g., science, literature, social studies).",
      "Interest in working in diverse educational environments (e.g., schools, tutoring centers, universities).",
      "Ability to work with students with learning disabilities or diverse needs.",
      "Knowledge of educational technology and digital learning tools.",
      "Passion for fostering a supportive and inclusive learning environment.",
      "Ability to mentor students and help them with career or academic choices.",
      "Interest in continuing education or professional development for teachers.",
      "Ability to work collaboratively with colleagues and administrators.",
      "Passion for shaping future generations and empowering students.",
      "Interest in conducting educational research or publishing academic articles.",
      "Knowledge of curriculum standards and educational regulations.",
      "Desire to work in higher education, vocational training, or adult education."
    ],
    "Mathematics Based Careers": [
      "Passion for numbers, logic, and problem-solving.",
      "Strong understanding of mathematical principles and theories.",
      "Interest in applying mathematics to real-world problems and industries.",
      "Desire to work in data analysis, statistics, or research.",
      "Ability to use mathematical software and tools (e.g., MATLAB, Mathematica).",
      "Interest in finance, economics, or accounting-related fields.",
      "Ability to work in industries like technology, engineering, or scientific research.",
      "Desire to teach mathematics at different academic levels.",
      "Strong analytical thinking and attention to detail.",
      "Ability to conduct mathematical research or develop new theories.",
      "Knowledge of mathematical modeling and simulations.",
      "Desire to work in industries like healthcare (biostatistics, epidemiology).",
      "Ability to solve complex problems using advanced mathematical methods.",
      "Passion for applying mathematics to artificial intelligence or machine learning.",
      "Desire to work with organizations or governments in policy and decision-making.",
      "Ability to collaborate with multidisciplinary teams in scientific or engineering projects.",
      "Interest in cryptography, cybersecurity, or algorithm development.",
      "Ability to explain mathematical concepts to non-experts or students.",
      "Strong attention to accuracy and precision in calculations.",
      "Desire to explore advanced fields like quantum computing or statistical mechanics."
    ],
    "Social care, religion, guidance and recruitment": [
        "Desire to help people overcome challenges and improve their well-being.",
        "Interest in providing emotional or psychological support to individuals.",
        "Ability to work in various social services (e.g., mental health, rehabilitation).",
        "Knowledge of counseling techniques and social work practices.",
        "Passion for making a positive impact in communities or vulnerable populations.",
        "Desire to work in religious institutions providing spiritual guidance.",
        "Ability to help people with career counseling and job placement.",
        "Knowledge of legal and ethical standards in social care and guidance.",
        "Ability to work in recruitment and talent acquisition for various industries.",
        "Interest in working with diverse populations and understanding cultural contexts.",
        "Passion for supporting people in crisis or making difficult life decisions.",
        "Desire to advocate for marginalized groups or individuals in need.",
        "Ability to provide career advice, workshops, and training programs.",
        "Strong interpersonal and communication skills to build trust with clients.",
        "Interest in community outreach, social programs, or public health initiatives.",
        "Ability to mediate or resolve conflicts within families, workplaces, or communities.",
        "Desire to work in educational guidance, including school counseling or advising.",
        "Knowledge of employment law and hiring practices.",
        "Passion for creating inclusive, supportive environments for all people.",
        "Ability to develop programs that meet the spiritual, psychological, and social needs of individuals."
      ],
      "Charity/Fundraising/Voluntary Work": [
        "Passion for supporting social causes and making a difference in society.",
        "Desire to work with charitable organizations or NGOs to implement change.",
        "Ability to organize and manage fundraising events or campaigns.",
        "Interest in volunteer coordination and engagement.",
        "Knowledge of charity law and fundraising regulations.",
        "Strong communication skills to connect with donors and supporters.",
        "Ability to manage budgets and finances for charitable causes.",
        "Desire to work in community development and public outreach.",
        "Passion for creating sustainable and long-term positive impacts.",
        "Ability to write grant proposals or funding applications.",
        "Interest in working with diverse communities or underserved populations.",
        "Ability to mobilize resources and build relationships with stakeholders.",
        "Desire to create awareness about important causes through advocacy.",
        "Knowledge of online fundraising tools and social media platforms.",
        "Ability to assess the effectiveness of fundraising efforts and report outcomes.",
        "Strong organizational skills for planning events and activities.",
        "Interest in public relations, marketing, or communications within the charity sector.",
        "Desire to collaborate with other organizations to increase reach and impact.",
        "Ability to track donations and manage donor relations.",
        "Passion for engaging others in the spirit of giving and community action."
      ],
      "Advertising/Marketing/PR": [
        "Strong creative and strategic thinking skills.",
        "Ability to create compelling advertisements, campaigns, and content.",
        "Knowledge of consumer behavior and market trends.",
        "Desire to work with brands to enhance their image and reach target audiences.",
        "Interest in digital marketing, social media, and online advertising.",
        "Ability to analyze market research and consumer data.",
        "Knowledge of SEO, SEM, and other digital marketing techniques.",
        "Passion for storytelling and building brand identities.",
        "Strong communication skills for writing, pitching, and public relations.",
        "Ability to manage social media accounts and create engaging content.",
        "Desire to work in media planning or buying.",
        "Ability to collaborate with designers, marketers, and other teams.",
        "Interest in organizing promotional events or product launches.",
        "Knowledge of traditional and digital advertising platforms.",
        "Ability to manage public relations campaigns, including crisis management.",
        "Passion for market segmentation and targeting specific demographics.",
        "Desire to work in market research or customer insights.",
        "Ability to create and manage advertising budgets.",
        "Interest in video or content marketing strategies.",
        "Ability to monitor and measure the effectiveness of advertising and PR campaigns."
      ],
      "Landscape Design/Surveying": [
        "Passion for the natural environment and creating functional outdoor spaces.",
        "Strong understanding of environmental sustainability and conservation.",
        "Knowledge of landscape architecture, design principles, and techniques.",
        "Interest in surveying and mapping land for construction or development.",
        "Ability to work with topographical maps and GIS (Geographic Information Systems).",
        "Creativity in planning outdoor areas such as parks, gardens, or urban spaces.",
        "Desire to work with clients to create designs tailored to their needs.",
        "Knowledge of horticulture and plant selection for landscape designs.",
        "Ability to calculate costs and manage budgets for landscaping projects.",
        "Interest in working with urban planning and development projects.",
        "Familiarity with zoning regulations and building codes.",
        "Ability to assess land for development potential or environmental preservation.",
        "Passion for restoring or maintaining natural habitats and ecosystems.",
        "Proficiency with landscape design software (e.g., AutoCAD, SketchUp).",
        "Ability to work in outdoor environments, sometimes in various weather conditions.",
        "Understanding of hardscaping (e.g., pathways, patios) and softscaping (e.g., plants, trees).",
        "Ability to work with contractors and other professionals to bring designs to life.",
        "Desire to collaborate with urban planners, architects, and engineers.",
        "Strong project management skills for overseeing landscape construction.",
        "Interest in sustainable design and green building practices."
      ],
      "Politics and Government": [
      "Passion for public service and making a difference in society.",
      "Strong understanding of political systems, governance, and policy-making.",
      "Desire to work in governmental institutions, such as local or national government.",
      "Interest in law-making and legislative processes.",
      "Strong communication skills for debating, public speaking, and writing policy.",
      "Ability to analyze and interpret public policy issues.",
      "Knowledge of political theory, ideologies, and global political dynamics.",
      "Desire to work with diverse populations to address societal challenges.",
      "Ability to represent a political party, organization, or constituency.",
      "Passion for advocating for specific causes or social justice issues.",
      "Interest in international relations and diplomacy.",
      "Desire to work in public administration or public affairs.",
      "Ability to manage campaigns, organize events, or engage with voters.",
      "Interest in working as a political analyst or consultant.",
      "Strong research skills for understanding political issues and trends.",
      "Ability to negotiate and collaborate with political stakeholders.",
      "Passion for improving government efficiency and transparency.",
      "Knowledge of electoral systems and political campaigning techniques.",
      "Ability to work under pressure in fast-paced political environments.",
      "Interest in law, legal studies, or human rights advocacy."
    ],
    "Publishing": [
        "Strong love for reading, writing, and the written word.",
        "Desire to work in book publishing, magazine editing, or digital publishing.",
        "Ability to write, edit, and proofread content for clarity, accuracy, and style.",
        "Knowledge of the publishing process, including editing, design, and printing.",
        "Interest in working with authors to develop and refine their manuscripts.",
        "Passion for promoting literary works through marketing and distribution channels.",
        "Ability to manage editorial calendars and publishing schedules.",
        "Strong understanding of copyright law and intellectual property rights.",
        "Desire to work with digital media, including e-books, blogs, or online publications.",
        "Interest in publishing niche content or academic works.",
        "Ability to work in publishing-related fields like literary agencies or bookstores.",
        "Desire to create compelling content for magazines, newspapers, or websites.",
        "Strong organizational skills for coordinating multiple projects and deadlines.",
        "Ability to create engaging layouts and designs for print or digital media.",
        "Passion for the business side of publishing, including sales and distribution.",
        "Ability to manage relationships with authors, editors, and graphic designers.",
        "Knowledge of publishing software and tools (e.g., Adobe InDesign, WordPress).",
        "Desire to explore new publishing technologies, like audiobooks or podcasts.",
        "Understanding of marketing and promoting published works.",
        "Interest in working for independent publishers or large publishing houses."
      ],
      "Environmental": [
        "Passion for environmental conservation and sustainability.",
        "Desire to address climate change and environmental issues through science or policy.",
        "Strong understanding of ecological principles, ecosystems, and biodiversity.",
        "Ability to work with renewable energy, waste management, or green technologies.",
        "Knowledge of environmental laws, regulations, and compliance.",
        "Desire to work in environmental consulting or impact assessments.",
        "Interest in urban planning, green infrastructure, and sustainable development.",
        "Ability to conduct environmental research and gather data on natural resources.",
        "Passion for environmental education, advocacy, or public outreach.",
        "Ability to analyze environmental data and provide solutions for sustainability.",
        "Knowledge of water conservation, air quality, and waste reduction strategies.",
        "Desire to work with governments, NGOs, or businesses to implement green policies.",
        "Ability to contribute to ecological restoration and conservation projects.",
        "Interest in environmental law or policy-making to protect natural resources.",
        "Ability to communicate environmental issues and solutions effectively to the public.",
        "Knowledge of environmental certifications or standards (e.g., LEED, ISO 14001).",
        "Desire to work in environmental monitoring, wildlife conservation, or eco-tourism.",
        "Ability to assess the environmental impact of development projects.",
        "Passion for creating sustainable products or processes in various industries.",
        "Knowledge of global environmental challenges and sustainable development goals."
      ],
      "Information Management": [
        "Passion for organizing and managing information and data.",
        "Ability to work with large sets of data to ensure accuracy and accessibility.",
        "Knowledge of information systems, databases, and software tools (e.g., SQL, Microsoft Excel).",
        "Desire to work in data analysis, management, or information technology.",
        "Strong understanding of data security, privacy, and compliance regulations.",
        "Interest in implementing IT solutions to improve data management processes.",
        "Ability to work in industries such as healthcare, finance, or education.",
        "Knowledge of cloud computing and data storage systems.",
        "Ability to manage electronic records and information within organizations.",
        "Desire to work in document management or archiving for businesses.",
        "Strong attention to detail to ensure data integrity and quality.",
        "Ability to use advanced software to analyze and visualize data.",
        "Interest in creating efficient workflows for information sharing and collaboration.",
        "Ability to ensure information is accessible, organized, and easy to retrieve.",
        "Knowledge of digital asset management systems and metadata management.",
        "Desire to work with libraries, museums, or cultural institutions in information management.",
        "Ability to monitor information trends and technologies to stay ahead in the field.",
        "Interest in developing information systems for organizations to enhance productivity.",
        "Desire to contribute to the development of data governance policies.",
        "Ability to manage IT infrastructure and ensure system reliability and efficiency."
      ],
      "History Related": [
        "Passion for understanding historical events, cultures, and societies.",
        "Ability to analyze and interpret primary sources, such as documents and artifacts.",
        "Strong research skills for exploring historical topics and time periods.",
        "Desire to work in museums, archives, or historical societies.",
        "Interest in curating exhibitions or managing historical collections.",
        "Knowledge of different historical methodologies and approaches.",
        "Ability to write historical research papers, articles, or books.",
        "Desire to teach history at the secondary or tertiary level.",
        "Interest in preserving historical records and ensuring their accessibility.",
        "Understanding of world history, political movements, and social changes.",
        "Ability to present historical information in engaging ways, such as through public speaking or writing.",
        "Interest in working in historical film production, documentary-making, or media.",
        "Passion for studying the impact of history on modern society.",
        "Ability to critically assess historical interpretations and viewpoints.",
        "Knowledge of historical databases and digital archives.",
        "Desire to work in historical preservation and restoration.",
        "Interest in public history projects, such as heritage sites or community outreach.",
        "Strong communication skills to share historical knowledge with various audiences.",
        "Ability to work in libraries, research institutions, or historical consulting.",
        "Interest in the social and cultural implications of historical events."
      ],
      "Chemical Technologies": [
        "Strong interest in chemistry, chemical processes, and innovations in technology.",
        "Ability to conduct experiments and analyze chemical reactions and properties.",
        "Desire to work in industries like pharmaceuticals, energy, or materials science.",
        "Understanding of safety protocols and regulations for handling chemicals.",
        "Knowledge of laboratory equipment, instrumentation, and chemical analysis.",
        "Ability to solve complex problems using chemical engineering principles.",
        "Passion for developing sustainable and eco-friendly chemical technologies.",
        "Interest in the development of new chemical products, from concept to manufacturing.",
        "Ability to work with teams to design chemical processes for industrial applications.",
        "Strong analytical skills to interpret data and optimize chemical processes.",
        "Knowledge of chemical engineering software, such as process simulation tools.",
        "Ability to work in research and development to create new chemical technologies.",
        "Desire to improve manufacturing processes for increased efficiency and cost-effectiveness.",
        "Understanding of chemical safety and environmental impact assessments.",
        "Interest in exploring renewable energy sources and sustainable chemical practices.",
        "Ability to scale up laboratory-based chemical processes for commercial production.",
        "Desire to work in quality control and testing of chemical products.",
        "Interest in regulatory compliance and ensuring product safety and standards.",
        "Knowledge of patent law and intellectual property for chemical innovations.",
        "Ability to collaborate with scientists, engineers, and industry experts in technology development."
      ],
      "Complementary Therapies": [
        "Passion for holistic health and natural therapies.",
        "Interest in learning and practicing alternative healing methods.",
        "Knowledge of different complementary therapies, such as aromatherapy, acupuncture, or massage.",
        "Ability to assess clients' needs and develop personalized therapy plans.",
        "Strong interpersonal skills for working closely with clients to promote wellness.",
        "Desire to work in healthcare settings alongside medical professionals.",
        "Knowledge of anatomy, physiology, and the human body's energy systems.",
        "Ability to offer stress management techniques and emotional support to clients.",
        "Interest in using herbal medicine or nutrition to enhance health and wellness.",
        "Understanding of ethical and professional guidelines in complementary therapy.",
        "Passion for educating clients about the benefits and risks of complementary therapies.",
        "Interest in working in alternative health centers, spas, or private practice.",
        "Ability to keep up with ongoing research and advancements in complementary medicine.",
        "Desire to support clients in maintaining a balanced mind, body, and spirit.",
        "Strong communication skills to explain treatments and guide clients through sessions.",
        "Interest in integrating complementary therapies with conventional healthcare practices.",
        "Ability to provide therapeutic massage, reflexology, or other physical treatments.",
        "Understanding of mental health conditions and how complementary therapies can support treatment.",
        "Desire to work with specific groups, such as athletes or the elderly, to improve health outcomes.",
        "Ability to create a calm and soothing environment for therapy sessions."
      ],
      "Transport/Travel/Logistics/Distribution": [
        "Passion for the logistics and transportation industry, including supply chains.",
        "Desire to work in the movement of goods, whether by land, air, or sea.",
        "Interest in the operational management of transportation services or systems.",
        "Knowledge of shipping, warehousing, inventory, and distribution systems.",
        "Ability to plan and coordinate efficient transportation routes and schedules.",
        "Desire to work in global trade and manage international shipping operations.",
        "Understanding of customs regulations and international shipping laws.",
        "Ability to use logistics software to optimize the flow of goods and services.",
        "Interest in the technology behind transportation systems (e.g., GPS, automated systems).",
        "Ability to manage fleet operations, including drivers and vehicles.",
        "Knowledge of sustainability practices in transportation and logistics.",
        "Desire to ensure timely and safe delivery of goods to customers.",
        "Ability to work in distribution centers, overseeing packaging and shipping processes.",
        "Strong problem-solving skills for managing unforeseen delays or disruptions.",
        "Interest in working with supply chain management and inventory control systems.",
        "Knowledge of transportation safety standards and risk management.",
        "Ability to develop and manage transportation budgets and resources.",
        "Desire to work in customer service roles to coordinate shipments and deliveries.",
        "Strong communication and organizational skills for managing logistics teams.",
        "Interest in emerging technologies in transportation, such as autonomous vehicles."
      ],
      "Structural Engineering": [
        "Passion for designing and constructing safe, functional buildings and infrastructures.",
        "Knowledge of engineering principles, physics, and materials science.",
        "Ability to analyze building designs and assess structural integrity.",
        "Desire to work on large-scale infrastructure projects like bridges, dams, or skyscrapers.",
        "Knowledge of building codes, safety standards, and environmental regulations.",
        "Ability to use engineering software (e.g., AutoCAD, Revit) to design structures.",
        "Strong problem-solving skills to overcome design challenges and constraints.",
        "Ability to collaborate with architects, contractors, and other engineers.",
        "Interest in sustainable building practices and eco-friendly materials.",
        "Desire to work in both the design phase and construction phase of projects.",
        "Ability to evaluate and choose the right materials for each project.",
        "Understanding of structural dynamics, load-bearing, and stress analysis.",
        "Knowledge of seismic engineering and how to design buildings for earthquake resistance.",
        "Interest in renewable energy sources and how to incorporate them into building designs.",
        "Ability to conduct site assessments and environmental impact studies.",
        "Strong communication skills to present designs and updates to clients and stakeholders.",
        "Ability to manage budgets, timelines, and resources for structural projects.",
        "Passion for working on public infrastructure projects that benefit communities.",
        "Desire to solve real-world engineering problems and create long-lasting structures.",
        "Understanding of the maintenance and repair of existing structures."
      ],
      "Administrative": [
        "Strong organizational and time-management skills.",
        "Ability to manage office tasks such as scheduling, document handling, and correspondence.",
        "Proficiency with office software (e.g., Microsoft Office, Google Suite).",
        "Interest in managing workflows, projects, and office operations.",
        "Desire to work in a supportive role to help organizations run smoothly.",
        "Excellent verbal and written communication skills for internal and external interactions.",
        "Ability to handle confidential information with discretion.",
        "Strong attention to detail when organizing files and records.",
        "Interest in human resources tasks, including employee onboarding and training.",
        "Ability to assist in planning and organizing meetings, events, or conferences.",
        "Ability to create reports and presentations for management teams.",
        "Knowledge of office equipment management and troubleshooting.",
        "Desire to support teams in achieving organizational goals.",
        "Ability to multitask and prioritize in fast-paced environments.",
        "Knowledge of basic accounting and budgeting procedures.",
        "Understanding of office legalities and contracts.",
        "Ability to manage inventory and office supplies.",
        "Interest in maintaining efficient digital and physical filing systems.",
        "Ability to maintain and improve administrative processes.",
        "Knowledge of customer service, client relations, and support services."
      ],
      "Structural Design": [
        "Strong interest in designing functional, safe, and aesthetically pleasing structures.",
        "Proficiency in design software like AutoCAD, Revit, or Rhino.",
        "Desire to work in both commercial and residential design projects.",
        "Knowledge of structural engineering principles and materials.",
        "Understanding of building codes and safety regulations.",
        "Ability to create and present architectural plans and blueprints.",
        "Desire to collaborate with engineers and contractors on design projects.",
        "Interest in sustainable design practices and eco-friendly building materials.",
        "Strong spatial reasoning and problem-solving skills.",
        "Knowledge of the impact of environmental factors on design.",
        "Ability to work with clients to understand their vision and requirements.",
        "Understanding of the latest trends in architecture and design.",
        "Ability to balance functionality with aesthetic considerations.",
        "Desire to design structures that positively impact the environment and community.",
        "Knowledge of building material selection and construction methods.",
        "Ability to assess the feasibility of designs based on budget, site conditions, and regulations.",
        "Strong communication skills for explaining design concepts to clients and stakeholders.",
        "Ability to innovate and create designs that push traditional boundaries.",
        "Interest in the historical aspects of architecture and integrating them into new designs.",
        "Ability to work on interdisciplinary teams with engineers, contractors, and designers."
      ],
      "Financial": [
        "Strong interest in managing money, investments, and financial planning.",
        "Knowledge of financial regulations, tax laws, and compliance requirements.",
        "Ability to analyze financial statements, budgets, and reports.",
        "Interest in providing advice to individuals or organizations on managing finances.",
        "Strong numerical and analytical skills for assessing financial data.",
        "Desire to work in financial services, banking, or investment sectors.",
        "Knowledge of financial modeling, forecasting, and budgeting.",
        "Understanding of different financial products, such as stocks, bonds, and insurance.",
        "Interest in risk management and developing strategies to mitigate financial loss.",
        "Ability to help clients make informed decisions about their finances.",
        "Understanding of economic trends and their impact on investments and markets.",
        "Ability to work with financial software (e.g., QuickBooks, Excel) for analysis.",
        "Knowledge of accounting principles and practices.",
        "Desire to help businesses or individuals achieve long-term financial goals.",
        "Ability to create financial reports and present them to clients or management.",
        "Interest in sustainable finance and ethical investment opportunities.",
        "Strong communication skills for explaining complex financial concepts to clients.",
        "Ability to work under pressure and meet deadlines in financial environments.",
        "Understanding of portfolio management and diversification strategies.",
        "Interest in financial education and helping others make informed decisions."
      ],
      "Surveying": [
      "Passion for measuring, mapping, and analyzing land or construction sites.",
      "Knowledge of topographic, boundary, and construction surveying methods.",
      "Ability to use surveying tools and technologies like GPS, lasers, and drones.",
      "Desire to work outdoors and collect data on-site.",
      "Ability to create accurate maps, plans, and reports based on survey data.",
      "Knowledge of land laws, regulations, and property rights.",
      "Ability to analyze and interpret survey results for engineering or construction projects.",
      "Strong attention to detail when measuring land or buildings.",
      "Interest in environmental surveying and land-use planning.",
      "Ability to collaborate with architects, engineers, and contractors.",
      "Knowledge of GIS (Geographic Information Systems) and spatial data analysis.",
      "Ability to perform site analysis for construction feasibility or planning.",
      "Strong understanding of legal and regulatory frameworks for land surveying.",
      "Ability to assess and manage risks related to land and construction projects.",
      "Desire to work in land development, urban planning, or infrastructure projects.",
      "Ability to work with both traditional and modern surveying equipment.",
      "Interest in surveying for the purpose of environmental protection and conservation.",
      "Ability to manage and maintain survey data and records.",
      "Desire to work in boundary disputes or land negotiations.",
      "Ability to communicate survey results clearly to clients, engineers, and authorities."
    ],
    "Biology Based": [
        "Passion for understanding living organisms and ecosystems.",
        "Interest in conducting biological research and experiments.",
        "Ability to collect, analyze, and interpret biological data.",
        "Knowledge of genetics, ecology, microbiology, or physiology.",
        "Desire to work in medical research, biotechnology, or conservation.",
        "Strong problem-solving skills to address biological challenges.",
        "Ability to use laboratory equipment and perform biological analyses.",
        "Interest in working with environmental or wildlife conservation organizations.",
        "Desire to contribute to advancements in healthcare, medicine, or environmental science.",
        "Knowledge of biological laws and ethical considerations in research.",
        "Ability to collaborate with interdisciplinary teams in scientific research.",
        "Desire to educate the public about biological issues, such as conservation or health.",
        "Ability to apply biological knowledge to real-world problems, such as disease prevention.",
        "Interest in studying the impact of environmental changes on biodiversity.",
        "Knowledge of biological databases and scientific literature.",
        "Ability to design experiments, collect samples, and analyze results.",
        "Desire to work in regulatory or policy roles to protect ecosystems and biodiversity.",
        "Ability to work with biological data in computational biology or bioinformatics.",
        "Knowledge of the latest biological research trends and breakthroughs.",
        "Ability to communicate complex biological concepts to various audiences."
      ],
      "Construction and Property-Related": [
        "Interest in managing and overseeing construction projects from start to finish.",
        "Strong understanding of building codes, safety regulations, and construction techniques.",
        "Ability to read and interpret blueprints, technical drawings, and specifications.",
        "Knowledge of construction materials and their applications.",
        "Ability to estimate costs, prepare budgets, and manage project finances.",
        "Desire to work with contractors, architects, and engineers on construction projects.",
        "Knowledge of property management, development, and real estate markets.",
        "Ability to ensure projects are completed on time and within budget.",
        "Strong leadership and team management skills.",
        "Desire to improve the quality and sustainability of construction practices.",
        "Understanding of environmental impact and sustainable building practices.",
        "Ability to manage construction teams and ensure safety on job sites.",
        "Interest in working on residential, commercial, or industrial projects.",
        "Ability to oversee property inspections, valuations, and maintenance.",
        "Understanding of zoning laws, property rights, and real estate transactions.",
        "Ability to troubleshoot and resolve construction-related problems.",
        "Desire to ensure compliance with environmental and safety regulations.",
        "Knowledge of real estate market trends and development opportunities.",
        "Ability to communicate effectively with clients, vendors, and stakeholders.",
        "Ability to manage legal aspects of construction contracts and agreements."
      ],
      "Hospitality and Events Management": [
      "Strong interest in planning and organizing events, conferences, or weddings.",
      "Excellent customer service and communication skills.",
      "Desire to work in the hospitality industry, including hotels, resorts, and restaurants.",
      "Ability to manage event logistics, including scheduling, vendors, and budgets.",
      "Knowledge of catering, accommodations, and event coordination.",
      "Strong attention to detail in event execution and guest experience.",
      "Interest in managing staff and coordinating team efforts for smooth events.",
      "Ability to handle unforeseen challenges during event planning and execution.",
      "Proficiency in event management software and tools.",
      "Desire to create memorable experiences for guests or clients.",
      "Ability to manage marketing and promotional efforts for events or venues.",
      "Interest in managing conference rooms, venues, and hospitality services.",
      "Ability to work under pressure and meet tight deadlines.",
      "Knowledge of food and beverage management for events and hospitality.",
      "Ability to work with clients to understand their vision and requirements for events.",
      "Strong organizational skills and ability to prioritize multiple tasks.",
      "Desire to work in an international or multicultural environment.",
      "Knowledge of budgeting, accounting, and cost control in event planning.",
      "Ability to oversee logistics, travel arrangements, and accommodations for large groups.",
      "Interest in promoting sustainability and eco-friendly practices in event management."
    ],
    "Law-Related": [
      "Strong interest in interpreting and applying the law to various situations.",
      "Desire to work in legal practices such as criminal, civil, corporate, or environmental law.",
      "Ability to conduct legal research and draft legal documents.",
      "Excellent critical thinking and problem-solving skills.",
      "Strong communication skills for arguing cases or giving legal advice.",
      "Interest in legal ethics and the pursuit of justice.",
      "Ability to represent clients in court, arbitration, or other legal settings.",
      "Knowledge of legal principles, statutes, and case law.",
      "Desire to specialize in areas like family law, intellectual property, or immigration law.",
      "Strong attention to detail when reviewing legal documents or contracts.",
      "Interest in working in corporate law, advising businesses on compliance and regulations.",
      "Ability to negotiate settlements or resolve disputes outside of court.",
      "Knowledge of legal technology tools for case management and research.",
      "Desire to provide legal counsel to individuals or organizations.",
      "Ability to prepare legal briefs, motions, and other court documents.",
      "Strong understanding of the criminal justice system and legal procedures.",
      "Ability to work with clients to understand their legal needs and concerns.",
      "Knowledge of alternative dispute resolution methods, such as mediation and arbitration.",
      "Ability to work under pressure and meet tight deadlines in legal environments.",
      "Interest in promoting access to justice and working in legal aid or public interest law."
    ],
    "Commercial and Financial Dealing/Advice": [
        "Strong interest in advising individuals or companies on investment, financial planning, and business strategies.",
        "Knowledge of financial products and market trends.",
        "Ability to assess business opportunities and risks for clients.",
        "Proficiency in financial modeling, forecasting, and budgeting.",
        "Desire to work in financial advisory services, consulting, or banking.",
        "Ability to explain complex financial concepts to non-financial clients.",
        "Knowledge of market regulations, compliance, and financial laws.",
        "Interest in helping businesses improve their financial performance and profitability.",
        "Ability to identify investment opportunities and guide clients in portfolio management.",
        "Understanding of tax regulations, accounting principles, and financial reporting.",
        "Ability to advise clients on mergers, acquisitions, and business transactions.",
        "Strong analytical skills for evaluating financial data and business performance.",
        "Ability to negotiate contracts, deals, and financial agreements.",
        "Knowledge of business strategy, risk management, and economic analysis.",
        "Ability to stay up-to-date with market trends, economic indicators, and industry news.",
        "Interest in working in commercial banking, venture capital, or asset management.",
        "Ability to develop long-term financial plans and strategies for clients.",
        "Strong communication skills for discussing financial goals and solutions.",
        "Ability to create comprehensive business and financial reports.",
        "Desire to help clients achieve financial stability and growth."
      ],
      "Retail Buying and Selling": [
        "Passion for understanding consumer behavior and market trends.",
        "Strong interest in the retail industry, including fashion, electronics, or consumer goods.",
        "Ability to manage inventory, stock levels, and supply chains.",
        "Desire to work with suppliers and vendors to ensure product availability.",
        "Knowledge of product pricing, sales forecasting, and cost analysis.",
        "Strong negotiation skills for dealing with suppliers and manufacturers.",
        "Ability to analyze sales data and implement strategies to increase revenue.",
        "Interest in managing customer relationships and ensuring excellent service.",
        "Ability to create effective marketing strategies for retail products.",
        "Desire to ensure products are displayed attractively and in accordance with brand guidelines.",
        "Understanding of retail financials, including profit margins and overhead costs.",
        "Ability to track trends and introduce new products to meet customer demand.",
        "Knowledge of retail operations, including staffing, sales goals, and customer service.",
        "Ability to manage or oversee the operation of physical or online stores.",
        "Interest in e-commerce and the digital retail landscape.",
        "Ability to maintain good relationships with customers to build brand loyalty.",
        "Strong organizational and logistical skills for inventory and order management.",
        "Knowledge of visual merchandising techniques and store layout planning.",
        "Ability to forecast sales trends and adjust inventory accordingly.",
        "Desire to ensure the seamless operation of retail businesses to maximize profits."
      ],
      "Chemistry Based": [
        "Interest in laboratory work and conducting scientific experiments.",
        "Knowledge of chemical principles, reactions, and safety protocols.",
        "Ability to analyze chemical compounds and test materials.",
        "Desire to work in research and development of new chemical products.",
        "Strong interest in areas such as pharmaceuticals, petrochemicals, or environmental chemistry.",
        "Ability to apply chemistry concepts to solve practical problems.",
        "Proficiency in using laboratory instruments and equipment.",
        "Ability to interpret chemical data and write research reports.",
        "Knowledge of chemical engineering processes and industrial applications.",
        "Strong understanding of chemical safety standards and regulations.",
        "Ability to collaborate with other scientists and engineers in research teams.",
        "Interest in developing sustainable and eco-friendly chemical solutions.",
        "Ability to work in the production of chemicals, fuels, or materials.",
        "Knowledge of chemical manufacturing and quality control processes.",
        "Interest in the development of biotechnology and its applications in chemistry.",
        "Ability to test and evaluate the safety and effectiveness of chemical products.",
        "Desire to work in the cosmetic, food, or agricultural industries.",
        "Ability to evaluate the environmental impact of chemical processes.",
        "Knowledge of chemical hazard management and waste disposal.",
        "Desire to advance knowledge in chemical theory and technology."
      ],
      "English/Literary Related": [
        "Strong interest in reading, writing, and analyzing literature.",
        "Ability to critically analyze texts and identify themes, symbols, and meanings.",
        "Passion for creative writing, poetry, and storytelling.",
        "Desire to work in publishing, editing, or journalism.",
        "Ability to research, write, and proofread articles, essays, or books.",
        "Strong verbal and written communication skills.",
        "Interest in teaching English or literature in academic settings.",
        "Knowledge of literary history and different writing styles.",
        "Ability to write for various media, including books, magazines, blogs, and websites.",
        "Desire to foster a love for literature and language in others.",
        "Ability to manage literary projects, including publishing and marketing.",
        "Interest in translation and language services.",
        "Ability to work with authors and publishers to refine manuscripts.",
        "Passion for studying different cultures and their literature.",
        "Strong understanding of grammar, syntax, and stylistic conventions.",
        "Interest in editing and proofreading to improve written content.",
        "Knowledge of literary theory and criticism.",
        "Ability to work in creative industries like screenwriting, advertising, or game writing.",
        "Strong interest in developing educational materials related to literature.",
        "Desire to contribute to the cultural and intellectual discourse through writing."
      ],
      "Media and Journalism": [
      "Strong interest in gathering, reporting, and analyzing news and information.",
      "Ability to write clear, engaging, and informative articles or news reports.",
      "Interest in digital media, social media platforms, and multimedia production.",
      "Ability to conduct interviews and research for investigative reporting.",
      "Desire to work in newsrooms, broadcasting, or online journalism.",
      "Strong communication skills for both written and spoken formats.",
      "Interest in photography, videography, or radio broadcasting.",
      "Ability to work under pressure and meet tight deadlines in the news industry.",
      "Knowledge of journalism ethics, accuracy, and objectivity.",
      "Ability to create content that attracts and engages audiences.",
      "Interest in producing content for print, digital, or broadcast media.",
      "Desire to work in public relations, media relations, or content creation.",
      "Ability to research and understand complex topics for clear reporting.",
      "Knowledge of media law and regulations.",
      "Strong analytical skills for evaluating news sources and determining credibility.",
      "Ability to work collaboratively in a newsroom environment.",
      "Interest in writing for niche audiences or specialized media sectors.",
      "Desire to influence public opinion through well-researched and accurate journalism.",
      "Knowledge of multimedia editing software and tools.",
      "Strong interest in storytelling and presenting information in an engaging manner."
    ],
    "Agricultural Sciences": [
      "Interest in farming, crop production, and animal husbandry.",
      "Knowledge of soil science, irrigation, and pest management.",
      "Desire to contribute to sustainable agricultural practices and food security.",
      "Ability to research and develop new agricultural technologies and techniques.",
      "Interest in working with farmers, agribusinesses, and government agencies.",
      "Knowledge of plant biology, genetics, and breeding.",
      "Ability to apply environmental science to agricultural production.",
      "Interest in improving crop yields, nutrition, and disease resistance.",
      "Knowledge of agricultural economics, supply chains, and markets.",
      "Ability to manage livestock, including health, breeding, and nutrition.",
      "Desire to work with biotechnology to improve agricultural systems.",
      "Ability to develop policies and practices to promote sustainable agriculture.",
      "Interest in agricultural machinery, automation, and technology.",
      "Desire to educate others about sustainable farming practices and innovations.",
      "Knowledge of agricultural policy, trade, and regulatory frameworks.",
      "Ability to conduct research on climate change and its impact on agriculture.",
      "Interest in working with food production, processing, and distribution industries.",
      "Desire to conserve natural resources through sustainable farming techniques.",
      "Ability to work with rural communities and support agricultural development.",
      "Knowledge of water management practices for efficient agricultural use."
    ],
    "Medicine/Dentistry/Veterinary": [
        "Strong interest in healthcare and providing medical treatment to patients.",
        "Desire to help others through diagnosing and treating illnesses or injuries.",
        "Ability to work in high-pressure environments and make critical decisions.",
        "Strong communication skills for interacting with patients and medical teams.",
        "Ability to study and apply medical knowledge to real-world situations.",
        "Interest in specializing in fields like surgery, pediatrics, or cardiology.",
        "Desire to work in preventive medicine and promote overall wellness.",
        "Ability to work with medical technologies and equipment.",
        "Interest in conducting medical research to advance healthcare.",
        "Ability to provide dental care and treatments for patients.",
        "Desire to work in veterinary medicine and care for animals.",
        "Ability to collaborate with other healthcare professionals for patient care.",
        "Knowledge of human anatomy, diseases, and treatments.",
        "Interest in medical ethics and providing compassionate care.",
        "Desire to work in a hospital, private practice, or clinic.",
        "Ability to educate patients about health, wellness, and disease prevention.",
        "Interest in global health and working in public health initiatives.",
        "Ability to manage medical records, billing, and healthcare administration.",
        "Desire to contribute to advancements in medical science and technology.",
        "Interest in providing care to underserved populations and improving access to healthcare."
      ],
      "Agriculture and Land-Based": [
        "Interest in sustainable farming and land management practices.",
        "Desire to work in land conservation, restoration, or environmental protection.",
        "Knowledge of land surveying, mapping, and land use planning.",
        "Interest in managing forestry, fisheries, and wildlife resources.",
        "Ability to apply ecological principles to land-based industries.",
        "Strong interest in soil conservation, erosion control, and water management.",
        "Desire to contribute to sustainable agriculture and renewable resources.",
        "Knowledge of land policies, zoning, and land tenure systems.",
        "Ability to work with farmers, landowners, and environmental organizations.",
        "Interest in agroforestry and integrating trees into farming systems.",
        "Ability to apply technology in land-based industries, including GIS and drones.",
        "Knowledge of land restoration techniques for degraded or contaminated land.",
        "Desire to promote biodiversity and ecosystem services on agricultural land.",
        "Ability to manage land for recreation, tourism, or heritage conservation.",
        "Strong interest in environmental policy and land management regulation.",
        "Knowledge of urban farming, community gardens, and food systems.",
        "Ability to work in agricultural research, extension, and education.",
        "Interest in providing consultancy on land management strategies.",
        "Desire to address global challenges like climate change and food security.",
        "Ability to balance economic, environmental, and social factors in land use planning."
      ],
      "Language-Related": [
      "Strong interest in learning and speaking multiple languages.",
      "Desire to work as a translator or interpreter between different languages.",
      "Passion for understanding linguistic structures, grammar, and syntax.",
      "Ability to work in fields such as language teaching, linguistics, or applied linguistics.",
      "Interest in studying the cultural aspects of language and communication.",
      "Desire to teach foreign languages to individuals or groups.",
      "Proficiency in using language learning technologies and tools.",
      "Interest in working in publishing, editing, or content creation in different languages.",
      "Ability to analyze language patterns and structures for academic or research purposes.",
      "Desire to contribute to language preservation and revitalization efforts.",
      "Interest in working with language databases, corpora, and AI language models.",
      "Passion for literary translation, adapting texts while maintaining cultural context.",
      "Ability to understand and navigate language barriers in international business.",
      "Desire to work in voiceover or dubbing for foreign media.",
      "Interest in language-related cognitive science and neurolinguistics.",
      "Knowledge of language acquisition and teaching methodologies.",
      "Ability to apply linguistic theories to solve real-world communication problems.",
      "Desire to pursue a career in international diplomacy, translation, or multilingual communication.",
      "Ability to analyze regional dialects and colloquial language use.",
      "Knowledge of intercultural communication and language's role in shaping societies."
    ],
    "Geography and Geology Related": [
        "Strong interest in understanding Earth's processes, landscapes, and natural phenomena.",
        "Passion for studying the environment, climate, and weather systems.",
        "Desire to work in fields like cartography, environmental science, or disaster management.",
        "Ability to analyze geological formations and processes through fieldwork and research.",
        "Interest in studying the impact of human activities on the environment.",
        "Knowledge of natural resources, including water, minerals, and energy sources.",
        "Desire to contribute to sustainability through geospatial technologies and environmental protection.",
        "Strong skills in using mapping tools, GIS (Geographic Information Systems), and remote sensing.",
        "Ability to work in environmental consulting, land-use planning, or conservation.",
        "Knowledge of the geology of various regions and their natural hazards.",
        "Desire to study and mitigate the effects of climate change on the planet.",
        "Interest in researching natural disasters, such as earthquakes, floods, and volcanic eruptions.",
        "Ability to evaluate land formations, soil types, and rock structures for engineering purposes.",
        "Passion for fieldwork, including geological surveys and environmental studies.",
        "Desire to work in the oil, gas, or mining industries to assess resource extraction.",
        "Knowledge of the processes that shape Earth's surface, such as erosion and tectonics.",
        "Strong analytical skills for interpreting geographic and geological data.",
        "Ability to work in academia, conducting research and teaching geography or geology.",
        "Interest in studying the historical geography of human civilizations.",
        "Desire to work with government agencies or NGOs on climate change and environmental policies."
      ]

    }
  }
   