[
    {
        "Career Area": "Manufacturing & Production",
        "Literary Subjects": 3,
        "History Related": 4,
        "Languages (Modern/Classical)": 4,
        "Miscellaneous Arts/Humanities": 4,
        "Economics/Business": 3,
        "Music/Drama/Theatre Studies": 4,
        "Art/Design/Craft": 4,
        "Computing/IT": 3,
        "Mathematics": 2,
        "Chemistry": 4,
        "Biology": 4,
        "Physics": 4,
        "Geography/Geology": 3,
        "Food & Nutrition": 4,
        "Sports Related": 4,
        "Engineering Related": 1
    },
    {
        "Career Area": "Management: Organization & Planning",
        "Literary Subjects": 4,
        "History Related": 4,
        "Languages (Modern/Classical)": 4,
        "Miscellaneous Arts/Humanities": 3,
        "Economics/Business": 1,
        "Music/Drama/Theatre Studies": 4,
        "Art/Design/Craft": 4,
        "Computing/IT": 4,
        "Mathematics": 3,
        "Chemistry": 4,
        "Biology": 3,
        "Physics": 4,
        "Geography/Geology": 3,
        "Food & Nutrition": 4,
        "Sports Related": 4,
        "Engineering Related": 1
    },
    {
        "Career Area": "Electronics/Electrical Engineering",
        "Literary Subjects": 4,
        "History Related": 4,
        "Languages (Modern/Classical)": 4,
        "Miscellaneous Arts/Humanities": 3,
        "Economics/Business": 2,
        "Music/Drama/Theatre Studies": 3,
        "Art/Design/Craft": 4,
        "Computing/IT": 1,
        "Mathematics": 2,
        "Chemistry": 4,
        "Biology": 3,
        "Physics": 4,
        "Geography/Geology": 4,
        "Food & Nutrition": 4,
        "Sports Related": 4,
        "Engineering Related": 1
    },
    {
        "Career Area": "Computing/IT",
        "Literary Subjects": 4,
        "History Related": 4,
        "Languages (Modern/Classical)": 4,
        "Miscellaneous Arts/Humanities": 3,
        "Economics/Business": 1,
        "Music/Drama/Theatre Studies": 4,
        "Art/Design/Craft": 4,
        "Computing/IT": 1,
        "Mathematics": 3,
        "Chemistry": 4,
        "Biology": 3,
        "Physics": 4,
        "Geography/Geology": 4,
        "Food & Nutrition": 4,
        "Sports Related": 4,
        "Engineering Related": 1
    },
    {
        "Career Area": "Mechanical & Related Engineering",
        "Literary Subjects": 4,
        "History Related": 4,
        "Languages (Modern/Classical)": 4,
        "Miscellaneous Arts/Humanities": 3,
        "Economics/Business": 2,
        "Music/Drama/Theatre Studies": 4,
        "Art/Design/Craft": 4,
        "Computing/IT": 1,
        "Mathematics": 2,
        "Chemistry": 4,
        "Biology": 3,
        "Physics": 4,
        "Geography/Geology": 4,
        "Food & Nutrition": 4,
        "Sports Related": 4,
        "Engineering Related": 1
    },
    {
        "Career Area": "Physics",
        "Literary Subjects": 4,
        "History Related": 4,
        "Languages (Modern/Classical)": 4,
        "Miscellaneous Arts/Humanities": 3,
        "Economics/Business": 2,
        "Music/Drama/Theatre Studies": 4,
        "Art/Design/Craft": 4,
        "Computing/IT": 1,
        "Mathematics": 2,
        "Chemistry": 1,
        "Biology": 1,
        "Physics": 1,
        "Geography/Geology": 1,
        "Food & Nutrition": 4,
        "Sports Related": 4,
        "Engineering Related": 1
    },
    {
        "Career Area": "Creative Arts and Crafts",
        "Literary Subjects": 4,
        "History Related": 4,
        "Languages (Modern/Classical)": 4,
        "Miscellaneous Arts/Humanities": 1,
        "Economics/Business": 4,
        "Music/Drama/Theatre Studies": 4,
        "Art/Design/Craft": 1,
        "Computing/IT": 4,
        "Mathematics": 3,
        "Chemistry": 4,
        "Biology": 4,
        "Physics": 4,
        "Geography/Geology": 4,
        "Food & Nutrition": 4,
        "Sports Related": 4,
        "Engineering Related": 4
    },
    {
        "Career Area": "Performing Arts Related",
        "Literary Subjects": 4,
        "History Related": 4,
        "Languages (Modern/Classical)": 4,
        "Miscellaneous Arts/Humanities": 1,
        "Economics/Business": 3,
        "Music/Drama/Theatre Studies": 1,
        "Art/Design/Craft": 4,
        "Computing/IT": 4,
        "Mathematics": 4,
        "Chemistry": 4,
        "Biology": 3,
        "Physics": 4,
        "Geography/Geology": 3,
        "Food & Nutrition": 4,
        "Sports Related": 4,
        "Engineering Related": 4
    },
    {
        "Career Area": "Public Protection & Security",
        "Literary Subjects": 4,
        "History Related": 4,
        "Languages (Modern/Classical)": 3,
        "Miscellaneous Arts/Humanities": 4,
        "Economics/Business": 2,
        "Music/Drama/Theatre Studies": 4,
        "Art/Design/Craft": 4,
        "Computing/IT": 4,
        "Mathematics": 2,
        "Chemistry": 4,
        "Biology": 3,
        "Physics": 4,
        "Geography/Geology": 4,
        "Food & Nutrition": 4,
        "Sports Related": 4,
        "Engineering Related": 1
    },
    {
        "Career Area": "Sports/Leisure/Recreation",
        "Literary Subjects": 4,
        "History Related": 4,
        "Languages (Modern/Classical)": 4,
        "Miscellaneous Arts/Humanities": 3,
        "Economics/Business": 2,
        "Music/Drama/Theatre Studies": 1,
        "Art/Design/Craft": 4,
        "Computing/IT": 4,
        "Mathematics": 4,
        "Chemistry": 4,
        "Biology": 4,
        "Physics": 4,
        "Geography/Geology": 1,
        "Food & Nutrition": 4,
        "Sports Related": 1,
        "Engineering Related": 4
    },
    {
        "Career Area": "Nursing and Allied Health Protection",
        "Literary Subjects": 3,
        "History Related": 4,
        "Languages (Modern/Classical)": 4,
        "Miscellaneous Arts/Humanities": 3,
        "Economics/Business": 1,
        "Music/Drama/Theatre Studies": 4,
        "Art/Design/Craft": 4,
        "Computing/IT": 3,
        "Mathematics": 1,
        "Chemistry": 4,
        "Biology": 1,
        "Physics": 4,
        "Geography/Geology": 4,
        "Food & Nutrition": 4,
        "Sports Related": 4,
        "Engineering Related": 1
    },
    {
        "Career Area": "Psychology",
        "Literary Subjects": 4,
        "History Related": 1,
        "Languages (Modern/Classical)": 4,
        "Miscellaneous Arts/Humanities": 3,
        "Economics/Business": 1,
        "Music/Drama/Theatre Studies": 4,
        "Art/Design/Craft": 4,
        "Computing/IT": 4,
        "Mathematics": 3,
        "Chemistry": 4,
        "Biology": 1,
        "Physics": 1,
        "Geography/Geology": 3,
        "Food & Nutrition": 4,
        "Sports Related": 4,
        "Engineering Related": 1
    },
    {
        "Career Area": "Theatrical Support",
        "Literary Subjects": 4,
        "History Related": 4,
        "Languages (Modern/Classical)": 4,
        "Miscellaneous Arts/Humanities": 3,
        "Economics/Business": 4,
        "Music/Drama/Theatre Studies": 1,
        "Art/Design/Craft": 4,
        "Computing/IT": 4,
        "Mathematics": 3,
        "Chemistry": 4,
        "Biology": 3,
        "Physics": 4,
        "Geography/Geology": 4,
        "Food & Nutrition": 4,
        "Sports Related": 4,
        "Engineering Related": 4
    },
    {
        "Career Area": "Fashion/Clothing/Textile",
        "Literary Subjects": 4,
        "History Related": 4,
        "Languages (Modern/Classical)": 4,
        "Miscellaneous Arts/Humanities": 4,
        "Economics/Business": 3,
        "Music/Drama/Theatre Studies": 4,
        "Art/Design/Craft": 1,
        "Computing/IT": 4,
        "Mathematics": 3,
        "Chemistry": 4,
        "Biology": 4,
        "Physics": 4,
        "Geography/Geology": 4,
        "Food & Nutrition": 4,
        "Sports Related": 4,
        "Engineering Related": 4
    },
    {
        "Career Area": "Graphic Design",
        "Literary Subjects": 4,
        "History Related": 4,
        "Languages (Modern/Classical)": 4,
        "Miscellaneous Arts/Humanities": 1,
        "Economics/Business": 3,
        "Music/Drama/Theatre Studies": 4,
        "Art/Design/Craft": 1,
        "Computing/IT": 4,
        "Mathematics": 4,
        "Chemistry": 4,
        "Biology": 3,
        "Physics": 4,
        "Geography/Geology": 4,
        "Food & Nutrition": 4,
        "Sports Related": 4,
        "Engineering Related": 4
    },
    {
        "Career Area": "Commercial Art/Antiques",
        "Literary Subjects": 4,
        "History Related": 4,
        "Languages (Modern/Classical)": 4,
        "Miscellaneous Arts/Humanities": 1,
        "Economics/Business": 3,
        "Music/Drama/Theatre Studies": 4,
        "Art/Design/Craft": 1,
        "Computing/IT": 4,
        "Mathematics": 4,
        "Chemistry": 4,
        "Biology": 4,
        "Physics": 4,
        "Geography/Geology": 4,
        "Food & Nutrition": 4,
        "Sports Related": 4,
        "Engineering Related": 4
    },
    {
        "Career Area": "Academic Art",
        "Literary Subjects": 4,
        "History Related": 4,
        "Languages (Modern/Classical)": 4,
        "Miscellaneous Arts/Humanities": 1,
        "Economics/Business": 3,
        "Music/Drama/Theatre Studies": 4,
        "Art/Design/Craft": 1,
        "Computing/IT": 4,
        "Mathematics": 3,
        "Chemistry": 4,
        "Biology": 4,
        "Physics": 4,
        "Geography/Geology": 4,
        "Food & Nutrition": 4,
        "Sports Related": 4,
        "Engineering Related": 4
    },
    {
        "Career Area": "Musical Performing Art",
        "Literary Subjects": 4,
        "History Related": 4,
        "Languages (Modern/Classical)": 4,
        "Miscellaneous Arts/Humanities": 1,
        "Economics/Business": 3,
        "Music/Drama/Theatre Studies": 4,
        "Art/Design/Craft": 4,
        "Computing/IT": 4,
        "Mathematics": 3,
        "Chemistry": 4,
        "Biology": 4,
        "Physics": 4,
        "Geography/Geology": 4,
        "Food & Nutrition": 4,
        "Sports Related": 4,
        "Engineering Related": 4
    },
    {
        "Career Area": "Teaching/Advisory",
        "Literary Subjects": 3,
        "History Related": 4,
        "Languages (Modern/Classical)": 4,
        "Miscellaneous Arts/Humanities": 4,
        "Economics/Business": 1,
        "Music/Drama/Theatre Studies": 4,
        "Art/Design/Craft": 1,
        "Computing/IT": 3,
        "Mathematics": 4,
        "Chemistry": 4,
        "Biology": 3,
        "Physics": 4,
        "Geography/Geology": 4,
        "Food & Nutrition": 4,
        "Sports Related": 4,
        "Engineering Related": 4
    },
    {
        "Career Area": "Mathematics Based Careers",
        "Literary Subjects": 4,
        "History Related": 4,
        "Languages (Modern/Classical)": 4,
        "Miscellaneous Arts/Humanities": 3,
        "Economics/Business": 1,
        "Music/Drama/Theatre Studies": 4,
        "Art/Design/Craft": 4,
        "Computing/IT": 1,
        "Mathematics": 1,
        "Chemistry": 1,
        "Biology": 4,
        "Physics": 4,
        "Geography/Geology": 4,
        "Food & Nutrition": 4,
        "Sports Related": 4,
        "Engineering Related": 1
    },
    {
        "Career Area": "Social care, religion, guidance and recruitment",
        "Literary Subjects": 4,
        "History Related": 4,
        "Languages (Modern/Classical)": 4,
        "Miscellaneous Arts/Humanities": 4,
        "Economics/Business": 3,
        "Music/Drama/Theatre Studies": 4,
        "Art/Design/Craft": 4,
        "Computing/IT": 4,
        "Mathematics": 3,
        "Chemistry": 4,
        "Biology": 3,
        "Physics": 4,
        "Geography/Geology": 4,
        "Food & Nutrition": 4,
        "Sports Related": 4,
        "Engineering Related": 4
    },
    {
        "Career Area": "Charity/Fundraising/Voluntary Work",
        "Literary Subjects": 4,
        "History Related": 4,
        "Languages (Modern/Classical)": 4,
        "Miscellaneous Arts/Humanities": 4,
        "Economics/Business": 3,
        "Music/Drama/Theatre Studies": 4,
        "Art/Design/Craft": 4,
        "Computing/IT": 4,
        "Mathematics": 4,
        "Chemistry": 4,
        "Biology": 3,
        "Physics": 4,
        "Geography/Geology": 4,
        "Food & Nutrition": 4,
        "Sports Related": 4,
        "Engineering Related": 4
    },
    {
        "Career Area": "Advertising/Marketing/PR",
        "Literary Subjects": 4,
        "History Related": 4,
        "Languages (Modern/Classical)": 4,
        "Miscellaneous Arts/Humanities": 3,
        "Economics/Business": 1,
        "Music/Drama/Theatre Studies": 4,
        "Art/Design/Craft": 4,
        "Computing/IT": 3,
        "Mathematics": 3,
        "Chemistry": 4,
        "Biology": 3,
        "Physics": 4,
        "Geography/Geology": 4,
        "Food & Nutrition": 4,
        "Sports Related": 4,
        "Engineering Related": 4
    },
    {
        "Career Area": "Landscape Design/Surveying",
        "Literary Subjects": 4,
        "History Related": 4,
        "Languages (Modern/Classical)": 4,
        "Miscellaneous Arts/Humanities": 3,
        "Economics/Business": 2,
        "Music/Drama/Theatre Studies": 4,
        "Art/Design/Craft": 4,
        "Computing/IT": 4,
        "Mathematics": 2,
        "Chemistry": 4,
        "Biology": 4,
        "Physics": 4,
        "Geography/Geology": 4,
        "Food & Nutrition": 4,
        "Sports Related": 4,
        "Engineering Related": 1
    },
    {
        "Career Area": "Politics and Government",
        "Literary Subjects": 4,
        "History Related": 1,
        "Languages (Modern/Classical)": 4,
        "Miscellaneous Arts/Humanities": 4,
        "Economics/Business": 2,
        "Music/Drama/Theatre Studies": 4,
        "Art/Design/Craft": 4,
        "Computing/IT": 4,
        "Mathematics": 3,
        "Chemistry": 4,
        "Biology": 3,
        "Physics": 4,
        "Geography/Geology": 4,
        "Food & Nutrition": 4,
        "Sports Related": 4,
        "Engineering Related": 4
    },
    {
        "Career Area": "Publishing",
        "Literary Subjects": 4,
        "History Related": 4,
        "Languages (Modern/Classical)": 4,
        "Miscellaneous Arts/Humanities": 4,
        "Economics/Business": 2,
        "Music/Drama/Theatre Studies": 4,
        "Art/Design/Craft": 4,
        "Computing/IT": 4,
        "Mathematics": 3,
        "Chemistry": 4,
        "Biology": 3,
        "Physics": 4,
        "Geography/Geology": 4,
        "Food & Nutrition": 4,
        "Sports Related": 4,
        "Engineering Related": 4
    },
    {
        "Career Area": "Environmental",
        "Literary Subjects": 4,
        "History Related": 4,
        "Languages (Modern/Classical)": 4,
        "Miscellaneous Arts/Humanities": 4,
        "Economics/Business": 3,
        "Music/Drama/Theatre Studies": 4,
        "Art/Design/Craft": 4,
        "Computing/Information Technology": 4,
        "Mathematics": 2,
        "Chemistry": 4,
        "Biology": 4,
        "Physics": 4,
        "Geography/Geology": 1,
        "Food and Nutrition": 4,
        "Sports Related": 4,
        "Engineering Related": 1
    },
    {
        "Career Area": "Information Management",
        "Literary Subjects": 4,
        "History Related": 4,
        "Languages (Modern/Classical)": 4,
        "Miscellaneous Arts/Humanities": 3,
        "Economics/Business": 2,
        "Music/Drama/Theatre Studies": 4,
        "Art/Design/Craft": 4,
        "Computing/Information Technology": 1,
        "Mathematics": 2,
        "Chemistry": 4,
        "Biology": 4,
        "Physics": 4,
        "Geography/Geology": 4,
        "Food and Nutrition": 4,
        "Sports Related": 4,
        "Engineering Related": 1
    },
    {
        "Career Area": "History Related",
        "Literary Subjects": 4,
        "History Related": 1,
        "Languages (Modern/Classical)": 4,
        "Miscellaneous Arts/Humanities": 3,
        "Economics/Business": 4,
        "Music/Drama/Theatre Studies": 4,
        "Art/Design/Craft": 4,
        "Computing/Information Technology": 4,
        "Mathematics": 3,
        "Chemistry": 4,
        "Biology": 3,
        "Physics": 4,
        "Geography/Geology": 4,
        "Food and Nutrition": 4,
        "Sports Related": 4,
        "Engineering Related": 4
    },
    {
        "Career Area": "Chemical Technologies",
        "Literary Subjects": 4,
        "History Related": 4,
        "Languages (Modern/Classical)": 4,
        "Miscellaneous Arts/Humanities": 3,
        "Economics/Business": 2,
        "Music/Drama/Theatre Studies": 4,
        "Art/Design/Craft": 4,
        "Computing/Information Technology": 3,
        "Mathematics": 2,
        "Chemistry": 1,
        "Biology": 4,
        "Physics": 1,
        "Geography/Geology": 4,
        "Food and Nutrition": 4,
        "Sports Related": 4,
        "Engineering Related": 1
    },
    {
        "Career Area": "Complementary Therapies",
        "Literary Subjects": 4,
        "History Related": 4,
        "Languages (Modern/Classical)": 4,
        "Miscellaneous Arts/Humanities": 4,
        "Economics/Business": 3,
        "Music/Drama/Theatre Studies": 4,
        "Art/Design/Craft": 4,
        "Computing/Information Technology": 4,
        "Mathematics": 4,
        "Chemistry": 3,
        "Biology": 3,
        "Physics": 4,
        "Geography/Geology": 4,
        "Food and Nutrition": 4,
        "Sports Related": 4,
        "Engineering Related": 4
    },
    {
        "Career Area": "Transport/Travel/Logistics/Distribution",
        "Literary Subjects": 4,
        "History Related": 4,
        "Languages (Modern/Classical)": 4,
        "Miscellaneous Arts/Humanities": 3,
        "Economics/Business": 2,
        "Music/Drama/Theatre Studies": 4,
        "Art/Design/Craft": 4,
        "Computing/Information Technology": 3,
        "Mathematics": 3,
        "Chemistry": 4,
        "Biology": 3,
        "Physics": 4,
        "Geography/Geology": 4,
        "Food and Nutrition": 4,
        "Sports Related": 4,
        "Engineering Related": 1
    },
    {
        "Career Area": "Structural Engineering",
        "Literary Subjects": 4,
        "History Related": 4,
        "Languages (Modern/Classical)": 4,
        "Miscellaneous Arts/Humanities": 3,
        "Economics/Business": 2,
        "Music/Drama/Theatre Studies": 4,
        "Art/Design/Craft": 4,
        "Computing/Information Technology": 1,
        "Mathematics": 2,
        "Chemistry": 4,
        "Biology": 3,
        "Physics": 4,
        "Geography/Geology": 4,
        "Food and Nutrition": 4,
        "Sports Related": 4,
        "Engineering Related": 1
    },
    {
        "Career Area": "Administrative",
        "Literary Subjects": 4,
        "History Related": 4,
        "Languages (Modern/Classical)": 4,
        "Miscellaneous Arts/Humanities": 4,
        "Economics/Business": 1,
        "Music/Drama/Theatre Studies": 4,
        "Art/Design/Craft": 4,
        "Computing/Information Technology": 4,
        "Mathematics": 4,
        "Chemistry": 4,
        "Biology": 3,
        "Physics": 4,
        "Geography/Geology": 4,
        "Food and Nutrition": 4,
        "Sports Related": 4,
        "Engineering Related": 4
    },
    {
        "Career Area": "Structural Design",
        "Literary Subjects": 4,
        "History Related": 4,
        "Languages (Modern/Classical)": 4,
        "Miscellaneous Arts/Humanities": 3,
        "Economics/Business": 2,
        "Music/Drama/Theatre Studies": 4,
        "Art/Design/Craft": 4,
        "Computing/Information Technology": 1,
        "Mathematics": 2,
        "Chemistry": 4,
        "Biology": 3,
        "Physics": 4,
        "Geography/Geology": 4,
        "Food and Nutrition": 4,
        "Sports Related": 4,
        "Engineering Related": 1
    },
    {
        "Career Area": "Financial",
        "Literary Subjects": 4,
        "History Related": 4,
        "Languages (Modern/Classical)": 4,
        "Miscellaneous Arts/Humanities": 4,
        "Economics/Business": 1,
        "Music/Drama/Theatre Studies": 4,
        "Art/Design/Craft": 4,
        "Computing/Information Technology": 3,
        "Mathematics": 2,
        "Chemistry": 4,
        "Biology": 4,
        "Physics": 4,
        "Geography/Geology": 4,
        "Food and Nutrition": 4,
        "Sports Related": 4,
        "Engineering Related": 1
    },
    {
        "Career Area": "Surveying",
        "Literary Subjects": 4,
        "History Related": 4,
        "Languages (Modern/Classical)": 4,
        "Miscellaneous Arts/Humanities": 3,
        "Economics/Business": 2,
        "Music/Drama/Theatre Studies": 4,
        "Art/Design/Craft": 4,
        "Computing/Information Technology": 4,
        "Mathematics": 2,
        "Chemistry": 4,
        "Biology": 3,
        "Physics": 4,
        "Geography/Geology": 4,
        "Food and Nutrition": 4,
        "Sports Related": 4,
        "Engineering Related": 1
    },
    {
        "Career Area": "Biology Based",
        "Literary Subjects": 4,
        "History Related": 4,
        "Languages (Modern/Classical)": 4,
        "Miscellaneous Arts/Humanities": 4,
        "Economics/Business": 3,
        "Music/Drama/Theatre Studies": 4,
        "Art/Design/Craft": 4,
        "Computing/Information Technology": 4,
        "Mathematics": 4,
        "Chemistry": 4,
        "Biology": 1,
        "Physics": 4,
        "Geography/Geology": 4,
        "Food and Nutrition": 4,
        "Sports Related": 4,
        "Engineering Related": 1
    },
    {
        "Career Area": "Construction and Property-Related",
        "Literary Subjects": 4,
        "History Related": 4,
        "Languages (Modern/Classical)": 4,
        "Miscellaneous Arts/Humanities": 3,
        "Economics/Business": 2,
        "Music/Drama/Theatre Studies": 4,
        "Art/Design/Craft": 4,
        "Computing/Information Technology": 4,
        "Mathematics": 2,
        "Chemistry": 4,
        "Biology": 3,
        "Physics": 4,
        "Geography/Geology": 4,
        "Food and Nutrition": 4,
        "Sports Related": 4,
        "Engineering Related": 1
    },
    {
        "Career Area": "Hospitality and Events Management",
        "Literary Subjects": 4,
        "History Related": 4,
        "Languages (Modern/Classical)": 4,
        "Miscellaneous Arts/Humanities": 4,
        "Economics/Business": 3,
        "Music/Drama/Theatre Studies": 4,
        "Art/Design/Craft": 4,
        "Computing/Information Technology": 4,
        "Mathematics": 4,
        "Chemistry": 4,
        "Biology": 3,
        "Physics": 4,
        "Geography/Geology": 4,
        "Food and Nutrition": 4,
        "Sports Related": 4,
        "Engineering Related": 4
    },
    {
        "Career Area": "Law-Related",
        "Literary Subjects": 4,
        "History Related": 1,
        "Languages (Modern/Classical)": 4,
        "Miscellaneous Arts/Humanities": 3,
        "Economics/Business": 2,
        "Music/Drama/Theatre Studies": 4,
        "Art/Design/Craft": 4,
        "Computing/Information Technology": 4,
        "Mathematics": 4,
        "Chemistry": 4,
        "Biology": 3,
        "Physics": 4,
        "Geography/Geology": 4,
        "Food and Nutrition": 4,
        "Sports Related": 4,
        "Engineering Related": 4
    },
    {
        "Career Area": "Commercial and Financial Dealing/Advice",
        "Literary Subjects": 4,
        "History Related": 4,
        "Languages (Modern/Classical)": 4,
        "Miscellaneous Arts/Humanities": 4,
        "Economics/Business": 1,
        "Music/Drama/Theatre Studies": 4,
        "Art/Design/Craft": 4,
        "Computing/Information Technology": 4,
        "Mathematics": 3,
        "Chemistry": 4,
        "Biology": 3,
        "Physics": 4,
        "Geography/Geology": 4,
        "Food and Nutrition": 4,
        "Sports Related": 4,
        "Engineering Related": 1
    },
    {
        "Career Area": "Retail Buying and Selling",
        "Literary Subjects": 4,
        "History Related": 4,
        "Languages (Modern/Classical)": 4,
        "Miscellaneous Arts/Humanities": 4,
        "Economics/Business": 2,
        "Music/Drama/Theatre Studies": 4,
        "Art/Design/Craft": 4,
        "Computing/Information Technology": 4,
        "Mathematics": 3,
        "Chemistry": 4,
        "Biology": 3,
        "Physics": 4,
        "Geography/Geology": 4,
        "Food and Nutrition": 4,
        "Sports Related": 4,
        "Engineering Related": 1
    },
    {
        "Career Area": "Chemistry Based",
        "Literary Subjects": 4,
        "History Related": 4,
        "Languages (Modern/Classical)": 4,
        "Miscellaneous Arts/Humanities": 4,
        "Economics/Business": 2,
        "Music/Drama/Theatre Studies": 4,
        "Art/Design/Craft": 4,
        "Computing/Information Technology": 3,
        "Mathematics": 2,
        "Chemistry": 1,
        "Biology": 1,
        "Physics": 4,
        "Geography/Geology": 4,
        "Food and Nutrition": 4,
        "Sports Related": 4,
        "Engineering Related": 1
    },
    {
        "Career Area": "English/Literary Related",
        "Literary Subjects": 1,
        "History Related": 4,
        "Languages (Modern/Classical)": 4,
        "Miscellaneous Arts/Humanities": 4,
        "Economics/Business": 3,
        "Music/Drama/Theatre Studies": 4,
        "Art/Design/Craft": 4,
        "Computing/Information Technology": 4,
        "Mathematics": 3,
        "Chemistry": 4,
        "Biology": 3,
        "Physics": 4,
        "Geography/Geology": 4,
        "Food and Nutrition": 4,
        "Sports Related": 4,
        "Engineering Related": 4
    },
    {
        "Career Area": "Media and Journalism",
        "Literary Subjects": 4,
        "History Related": 4,
        "Languages (Modern/Classical)": 4,
        "Miscellaneous Arts/Humanities": 3,
        "Economics/Business": 3,
        "Music/Drama/Theatre Studies": 4,
        "Art/Design/Craft": 4,
        "Computing/Information Technology": 4,
        "Mathematics": 3,
        "Chemistry": 4,
        "Biology": 3,
        "Physics": 4,
        "Geography/Geology": 4,
        "Food and Nutrition": 4,
        "Sports Related": 4,
        "Engineering Related": 4
    },
    {
        "Career Area": "Agricultural Sciences",
        "Literary Subjects": 4,
        "History Related": 4,
        "Languages (Modern/Classical)": 4,
        "Miscellaneous Arts/Humanities": 3,
        "Economics/Business": 4,
        "Music/Drama/Theatre Studies": 4,
        "Art/Design/Craft": 4,
        "Computing/Information Technology": 4,
        "Mathematics": 4,
        "Chemistry": 4,
        "Biology": 1,
        "Physics": 4,
        "Geography/Geology": 4,
        "Food and Nutrition": 4,
        "Sports Related": 4,
        "Engineering Related": 1
    },
    {
        "Career Area": "Medicine/Dentistry/Veterinary",
        "Literary Subjects": 3,
        "History Related": 4,
        "Languages (Modern/Classical)": 4,
        "Miscellaneous Arts/Humanities": 3,
        "Economics/Business": 2,
        "Music/Drama/Theatre Studies": 4,
        "Art/Design/Craft": 4,
        "Computing/Information Technology": 4,
        "Mathematics": 1,
        "Chemistry": 4,
        "Biology": 1,
        "Physics": 4,
        "Geography/Geology": 4,
        "Food and Nutrition": 4,
        "Sports Related": 4,
        "Engineering Related": 1
    },
    {
        "Career Area": "Agriculture and Land-Based",
        "Literary Subjects": 4,
        "History Related": 4,
        "Languages (Modern/Classical)": 4,
        "Miscellaneous Arts/Humanities": 3,
        "Economics/Business": 3,
        "Music/Drama/Theatre Studies": 4,
        "Art/Design/Craft": 4,
        "Computing/Information Technology": 4,
        "Mathematics": 4,
        "Chemistry": 4,
        "Biology": 1,
        "Physics": 4,
        "Geography/Geology": 4,
        "Food and Nutrition": 4,
        "Sports Related": 4,
        "Engineering Related": 1
    },
    {
        "Career Area": "Language-Related",
        "Literary Subjects": 4,
        "History Related": 4,
        "Languages (Modern/Classical)": 1,
        "Miscellaneous Arts/Humanities": 4,
        "Economics/Business": 3,
        "Music/Drama/Theatre Studies": 4,
        "Art/Design/Craft": 4,
        "Computing/Information Technology": 4,
        "Mathematics": 3,
        "Chemistry": 4,
        "Biology": 3,
        "Physics": 4,
        "Geography/Geology": 4,
        "Food and Nutrition": 4,
        "Sports Related": 4,
        "Engineering Related": 4
    },
    {
        "Career Area": "Geography and Geology Related",
        "Literary Subjects": 4,
        "History Related": 4,
        "Languages (Modern/Classical)": 4,
        "Miscellaneous Arts/Humanities": 3,
        "Economics/Business": 2,
        "Music/Drama/Theatre Studies": 4,
        "Art/Design/Craft": 4,
        "Computing/Information Technology": 4,
        "Mathematics": 2,
        "Chemistry": 4,
        "Biology": 3,
        "Physics": 4,
        "Geography/Geology": 1,
        "Food and Nutrition": 4,
        "Sports Related": 4,
        "Engineering Related": 1
    }
]