[
    {
        "Career Area": "Manufacturing & Production",
        "First Language": 3,
        "Foreign Language": 4,
        "History/Philosophy/Psychology": 4,
        "Information Technology": 1,
        "Economics/Business": 2,
        "Geography": 4,
        "Miscellaneous Arts": 4,
        "Chemistry": 3,
        "Biology": 3,
        "Physics": 1,
        "Computing": 3,
        "Mathematics": 3,
        "Theatre": 4,
        "Arts/Design": 4
    },
    {
        "Career Area": "Management: Organization & Planning",
        "First Language": 3,
        "Foreign Language": 4,
        "History/Philosophy/Psychology": 4,
        "Information Technology": 2,
        "Economics/Business": 1,
        "Geography": 3,
        "Miscellaneous Arts": 4,
        "Chemistry": 4,
        "Biology": 3,
        "Physics": 4,
        "Computing": 3,
        "Mathematics": 2,
        "Theatre": 4,
        "Arts/Design": 4
    },
    {
        "Career Area": "Electronics/Electrical Engineering",
        "First Language": 4,
        "Foreign Language": 4,
        "History/Philosophy/Psychology": 4,
        "Information Technology": 1,
        "Economics/Business": 3,
        "Geography": 4,
        "Miscellaneous Arts": 4,
        "Chemistry": 1,
        "Biology": 3,
        "Physics": 1,
        "Computing": 1,
        "Mathematics": 1,
        "Theatre": 4,
        "Arts/Design": 4
    },
    {
        "Career Area": "Computing/IT",
        "First Language": 4,
        "Foreign Language": 4,
        "History/Philosophy/Psychology": 4,
        "Information Technology": 1,
        "Economics/Business": 1,
        "Geography": 3,
        "Miscellaneous Arts": 4,
        "Chemistry": 4,
        "Biology": 3,
        "Physics": 1,
        "Computing": 1,
        "Mathematics": 1,
        "Theatre": 4,
        "Arts/Design": 4
    },
    {
        "Career Area": "Mechanical & Related Engineering",
        "First Language": 3,
        "Foreign Language": 4,
        "History/Philosophy/Psychology": 4,
        "Information Technology": 1,
        "Economics/Business": 3,
        "Geography": 4,
        "Miscellaneous Arts": 4,
        "Chemistry": 1,
        "Biology": 3,
        "Physics": 1,
        "Computing": 1,
        "Mathematics": 2,
        "Theatre": 4,
        "Arts/Design": 4
    },
    {
        "Career Area": "Physics",
        "First Language": 3,
        "Foreign Language": 4,
        "History/Philosophy/Psychology": 1,
        "Information Technology": 1,
        "Economics/Business": 4,
        "Geography": 3,
        "Miscellaneous Arts": 3,
        "Chemistry": 1,
        "Biology": 1,
        "Physics": 1,
        "Computing": 2,
        "Mathematics": 4,
        "Theatre": 4,
        "Arts/Design": 4
    },
    {
        "Career Area": "Creative Arts and Crafts",
        "First Language": 3,
        "Foreign Language": 4,
        "History/Philosophy/Psychology": 4,
        "Information Technology": 4,
        "Economics/Business": 3,
        "Geography": 4,
        "Miscellaneous Arts": 1,
        "Chemistry": 4,
        "Biology": 4,
        "Physics": 4,
        "Computing": 4,
        "Mathematics": 4,
        "Theatre": 1,
        "Arts/Design": 1
    },
    {
        "Career Area": "Performing Arts Related",
        "First Language": 1,
        "Foreign Language": 2,
        "History/Philosophy/Psychology": 1,
        "Information Technology": 4,
        "Economics/Business": 4,
        "Geography": 3,
        "Miscellaneous Arts": 4,
        "Chemistry": 4,
        "Biology": 4,
        "Physics": 4,
        "Computing": 4,
        "Mathematics": 3,
        "Theatre": 1,
        "Arts/Design": 1
    },
    {
        "Career Area": "Public Protection & Security",
        "First Language": 3,
        "Foreign Language": 4,
        "History/Philosophy/Psychology": 1,
        "Information Technology": 3,
        "Economics/Business": 2,
        "Geography": 4,
        "Miscellaneous Arts": 3,
        "Chemistry": 4,
        "Biology": 4,
        "Physics": 1,
        "Computing": 3,
        "Mathematics": 2,
        "Theatre": 4,
        "Arts/Design": 4
    },
    {
        "Career Area": "Sports/Leisure/Recreation",
        "First Language": 4,
        "Foreign Language": 4,
        "History/Philosophy/Psychology": 4,
        "Information Technology": 3,
        "Economics/Business": 3,
        "Geography": 1,
        "Miscellaneous Arts": 4,
        "Chemistry": 4,
        "Biology": 4,
        "Physics": 4,
        "Computing": 4,
        "Mathematics": 2,
        "Theatre": 1,
        "Arts/Design": 3
    },
    {
        "Career Area": "Nursing and Allied Health Protection",
        "First Language": 1,
        "Foreign Language": 2,
        "History/Philosophy/Psychology": 1,
        "Information Technology": 4,
        "Economics/Business": 4,
        "Geography": 3,
        "Miscellaneous Arts": 3,
        "Chemistry": 4,
        "Biology": 1,
        "Physics": 4,
        "Computing": 3,
        "Mathematics": 2,
        "Theatre": 4,
        "Arts/Design": 4
    },
    {
        "Career Area": "Psychology",
        "First Language": 1,
        "Foreign Language": 2,
        "History/Philosophy/Psychology": 1,
        "Information Technology": 4,
        "Economics/Business": 4,
        "Geography": 3,
        "Miscellaneous Arts": 1,
        "Chemistry": 4,
        "Biology": 1,
        "Physics": 4,
        "Computing": 4,
        "Mathematics": 3,
        "Theatre": 4,
        "Arts/Design": 4
    },
    {
        "Career Area": "Theatrical Support",
        "First Language": 4,
        "Foreign Language": 4,
        "History/Philosophy/Psychology": 3,
        "Information Technology": 3,
        "Economics/Business": 4,
        "Geography": 4,
        "Miscellaneous Arts": 3,
        "Chemistry": 4,
        "Biology": 4,
        "Physics": 4,
        "Computing": 4,
        "Mathematics": 1,
        "Theatre": 1,
        "Arts/Design": 3
    },
    {
        "Career Area": "Fashion/Clothing/Textile",
        "First Language": 3,
        "Foreign Language": 4,
        "History/Philosophy/Psychology": 4,
        "Information Technology": 4,
        "Economics/Business": 3,
        "Geography": 4,
        "Miscellaneous Arts": 4,
        "Chemistry": 3,
        "Biology": 4,
        "Physics": 4,
        "Computing": 3,
        "Mathematics": 1,
        "Theatre": 4,
        "Arts/Design": 1
    },
    {
        "Career Area": "Graphic Design",
        "First Language": 4,
        "Foreign Language": 4,
        "History/Philosophy/Psychology": 4,
        "Information Technology": 4,
        "Economics/Business": 4,
        "Geography": 4,
        "Miscellaneous Arts": 1,
        "Chemistry": 3,
        "Biology": 4,
        "Physics": 4,
        "Computing": 4,
        "Mathematics": 1,
        "Theatre": 4,
        "Arts/Design": 1
    },
    {
        "Career Area": "Commercial Art/Antiques",
        "First Language": 4,
        "Foreign Language": 4,
        "History/Philosophy/Psychology": 4,
        "Information Technology": 4,
        "Economics/Business": 4,
        "Geography": 4,
        "Miscellaneous Arts": 1,
        "Chemistry": 3,
        "Biology": 4,
        "Physics": 4,
        "Computing": 4,
        "Mathematics": 4,
        "Theatre": 4,
        "Arts/Design": 4
    },
    {
        "Career Area": "Academic Art",
        "First Language": 3,
        "Foreign Language": 4,
        "History/Philosophy/Psychology": 4,
        "Information Technology": 4,
        "Economics/Business": 4,
        "Geography": 3,
        "Miscellaneous Arts": 1,
        "Chemistry": 3,
        "Biology": 4,
        "Physics": 4,
        "Computing": 4,
        "Mathematics": 4,
        "Theatre": 1,
        "Arts/Design": 1
    },
    {
        "Career Area": "Musical Performing Art",
        "First Language": 1,
        "Foreign Language": 2,
        "History/Philosophy/Psychology": 1,
        "Information Technology": 4,
        "Economics/Business": 4,
        "Geography": 3,
        "Miscellaneous Arts": 4,
        "Chemistry": 4,
        "Biology": 4,
        "Physics": 4,
        "Computing": 4,
        "Mathematics": 3,
        "Theatre": 1,
        "Arts/Design": 1
    },
    {
        "Career Area": "Teaching/Advisory",
        "First Language": 1,
        "Foreign Language": 2,
        "History/Philosophy/Psychology": 1,
        "Information Technology": 4,
        "Economics/Business": 1,
        "Geography": 3,
        "Miscellaneous Arts": 4,
        "Chemistry": 4,
        "Biology": 3,
        "Physics": 4,
        "Computing": 4,
        "Mathematics": 1,
        "Theatre": 4,
        "Arts/Design": 4
    },
    {
        "Career Area": "Mathematics Based Careers",
        "First Language": 3,
        "Foreign Language": 4,
        "History/Philosophy/Psychology": 4,
        "Information Technology": 3,
        "Economics/Business": 1,
        "Geography": 4,
        "Miscellaneous Arts": 4,
        "Chemistry": 1,
        "Biology": 1,
        "Physics": 1,
        "Computing": 1,
        "Mathematics": 1,
        "Theatre": 4,
        "Arts/Design": 4
    },
    {
        "Career Area": "Social care, religion, guidance and recruitment",
        "First Language": 3,
        "Foreign Language": 4,
        "History/Philosophy/Psychology": 1,
        "Information Technology": 4,
        "Economics/Business": 3,
        "Geography": 4,
        "Miscellaneous Arts": 3,
        "Chemistry": 4,
        "Biology": 4,
        "Physics": 4,
        "Computing": 3,
        "Mathematics": 2,
        "Theatre": 4,
        "Arts/Design": 4
    },
    {
        "Career Area": "Charity/Fundraising/Voluntary Work",
        "First Language": 4,
        "Foreign Language": 4,
        "History/Philosophy/Psychology": 3,
        "Information Technology": 4,
        "Economics/Business": 3,
        "Geography": 4,
        "Miscellaneous Arts": 1,
        "Chemistry": 4,
        "Biology": 4,
        "Physics": 4,
        "Computing": 4,
        "Mathematics": 3,
        "Theatre": 4,
        "Arts/Design": 4
    },
    {
        "Career Area": "Advertising/Marketing/PR",
        "First Language": 3,
        "Foreign Language": 4,
        "History/Philosophy/Psychology": 4,
        "Information Technology": 4,
        "Economics/Business": 1,
        "Geography": 3,
        "Miscellaneous Arts": 4,
        "Chemistry": 4,
        "Biology": 4,
        "Physics": 3,
        "Computing": 3,
        "Mathematics": 1,
        "Theatre": 4,
        "Arts/Design": 4
    },
    {
        "Career Area": "Landscape Design/Surveying",
        "First Language": 3,
        "Foreign Language": 4,
        "History/Philosophy/Psychology": 4,
        "Information Technology": 1,
        "Economics/Business": 3,
        "Geography": 1,
        "Miscellaneous Arts": 4,
        "Chemistry": 4,
        "Biology": 4,
        "Physics": 3,
        "Computing": 1,
        "Mathematics": 3,
        "Theatre": 4,
        "Arts/Design": 4
    },
    {
        "Career Area": "Politics and Government",
        "First Language": 3,
        "Foreign Language": 4,
        "History/Philosophy/Psychology": 1,
        "Information Technology": 3,
        "Economics/Business": 1,
        "Geography": 4,
        "Miscellaneous Arts": 4,
        "Chemistry": 4,
        "Biology": 4,
        "Physics": 4,
        "Computing": 4,
        "Mathematics": 1,
        "Theatre": 4,
        "Arts/Design": 4
    },
    {
        "Career Area": "Publishing",
        "First Language": 4,
        "Foreign Language": 4,
        "History/Philosophy/Psychology": 1,
        "Information Technology": 4,
        "Economics/Business": 4,
        "Geography": 4,
        "Miscellaneous Arts": 1,
        "Chemistry": 4,
        "Biology": 4,
        "Physics": 4,
        "Computing": 3,
        "Mathematics": 3,
        "Theatre": 4,
        "Arts/Design": 1
    },
    {
        "Career Area": "Environmental",
        "First Language": 3,
        "Foreign Language": 3,
        "History/Philosophy/Psychology": 1,
        "Information Technology": 3,
        "Economics/Business": 4,
        "Geography": 1,
        "Miscellaneous Arts": 4,
        "Chemistry": 3,
        "Biology": 4,
        "Physics": 3,
        "Computing": 4,
        "Mathematics": 1,
        "Theatre": 4,
        "Arts/Design": 4
    },
    {
        "Career Area": "Information Management",
        "First Language": 3,
        "Foreign Language": 4,
        "History/Philosophy/Psychology": 4,
        "Information Technology": 1,
        "Economics/Business": 1,
        "Geography": 4,
        "Miscellaneous Arts": 3,
        "Chemistry": 4,
        "Biology": 3,
        "Physics": 1,
        "Computing": 1,
        "Mathematics": 3,
        "Theatre": 4,
        "Arts/Design": 4
    },
    {
        "Career Area": "History Related",
        "First Language": 1,
        "Foreign Language": 4,
        "History/Philosophy/Psychology": 1,
        "Information Technology": 4,
        "Economics/Business": 4,
        "Geography": 3,
        "Miscellaneous Arts": 4,
        "Chemistry": 3,
        "Biology": 4,
        "Physics": 4,
        "Computing": 4,
        "Mathematics": 2,
        "Theatre": 4,
        "Arts/Design": 3
    },
    {
        "Career Area": "Chemical Technologies",
        "First Language": 4,
        "Foreign Language": 4,
        "History/Philosophy/Psychology": 4,
        "Information Technology": 1,
        "Economics/Business": 3,
        "Geography": 4,
        "Miscellaneous Arts": 4,
        "Chemistry": 1,
        "Biology": 1,
        "Physics": 1,
        "Computing": 1,
        "Mathematics": 1,
        "Theatre": 4,
        "Arts/Design": 4
    },
    {
        "Career Area": "Complementary Therapies",
        "First Language": 4,
        "Foreign Language": 4,
        "History/Philosophy/Psychology": 1,
        "Information Technology": 4,
        "Economics/Business": 4,
        "Geography": 4,
        "Miscellaneous Arts": 3,
        "Chemistry": 4,
        "Biology": 1,
        "Physics": 4,
        "Computing": 3,
        "Mathematics": 3,
        "Theatre": 4,
        "Arts/Design": 4
    },
    {
        "Career Area": "Transport/Travel/Logistics/Distribution",
        "First Language": 3,
        "Foreign Language": 4,
        "History/Philosophy/Psychology": 4,
        "Information Technology": 4,
        "Economics/Business": 3,
        "Geography": 1,
        "Miscellaneous Arts": 4,
        "Chemistry": 4,
        "Biology": 4,
        "Physics": 4,
        "Computing": 4,
        "Mathematics": 3,
        "Theatre": 1,
        "Arts/Design": 4
    },
    {
        "Career Area": "Structural Engineering",
        "First Language": 3,
        "Foreign Language": 4,
        "History/Philosophy/Psychology": 4,
        "Information Technology": 1,
        "Economics/Business": 3,
        "Geography": 4,
        "Miscellaneous Arts": 3,
        "Chemistry": 1,
        "Biology": 1,
        "Physics": 1,
        "Computing": 1,
        "Mathematics": 1,
        "Theatre": 4,
        "Arts/Design": 4
    },
    {
        "Career Area": "Administrative",
        "First Language": 4,
        "Foreign Language": 4,
        "History/Philosophy/Psychology": 3,
        "Information Technology": 3,
        "Economics/Business": 1,
        "Geography": 4,
        "Miscellaneous Arts": 4,
        "Chemistry": 4,
        "Biology": 4,
        "Physics": 4,
        "Computing": 4,
        "Mathematics": 2,
        "Theatre": 4,
        "Arts/Design": 4
    },
    {
        "Career Area": "Structural Design",
        "First Language": 3,
        "Foreign Language": 4,
        "History/Philosophy/Psychology": 4,
        "Information Technology": 1,
        "Economics/Business": 3,
        "Geography": 4,
        "Miscellaneous Arts": 4,
        "Chemistry": 1,
        "Biology": 1,
        "Physics": 1,
        "Computing": 1,
        "Mathematics": 1,
        "Theatre": 4,
        "Arts/Design": 4
    },
    {
        "Career Area": "Financial",
        "First Language": 1,
        "Foreign Language": 2,
        "History/Philosophy/Psychology": 4,
        "Information Technology": 1,
        "Economics/Business": 1,
        "Geography": 4,
        "Miscellaneous Arts": 3,
        "Chemistry": 4,
        "Biology": 4,
        "Physics": 4,
        "Computing": 1,
        "Mathematics": 1,
        "Theatre": 4,
        "Arts/Design": 4
    },
    {
        "Career Area": "Surveying",
        "First Language": 4,
        "Foreign Language": 4,
        "History/Philosophy/Psychology": 4,
        "Information Technology": 3,
        "Economics/Business": 3,
        "Geography": 1,
        "Miscellaneous Arts": 4,
        "Chemistry": 3,
        "Biology": 3,
        "Physics": 3,
        "Computing": 4,
        "Mathematics": 4,
        "Theatre": 4,
        "Arts/Design": 4
    },
    {
        "Career Area": "Hospitality and Events Management",
        "First Language": 4,
        "Foreign Language": 4,
        "History/Philosophy/Psychology": 3,
        "Information Technology": 3,
        "Economics/Business": 4,
        "Geography": 3,
        "Miscellaneous Arts": 4,
        "Chemistry": 4,
        "Biology": 4,
        "Physics": 4,
        "Computing": 3,
        "Mathematics": 2,
        "Theatre": 1,
        "Arts/Design": 4
    },
    {
        "Career Area": "Retail Buying and Selling",
        "First Language": 3,
        "Foreign Language": 4,
        "History/Philosophy/Psychology": 4,
        "Information Technology": 4,
        "Economics/Business": 1,
        "Geography": 3,
        "Miscellaneous Arts": 4,
        "Chemistry": 3,
        "Biology": 4,
        "Physics": 4,
        "Computing": 4,
        "Mathematics": 3,
        "Theatre": 4,
        "Arts/Design": 4
    },
    {
        "Career Area": "Chemistry Based",
        "First Language": 3,
        "Foreign Language": 4,
        "History/Philosophy/Psychology": 4,
        "Information Technology": 1,
        "Economics/Business": 3,
        "Geography": 4,
        "Miscellaneous Arts": 4,
        "Chemistry": 1,
        "Biology": 1,
        "Physics": 1,
        "Computing": 1,
        "Mathematics": 2,
        "Theatre": 4,
        "Arts/Design": 4
    },
    {
        "Career Area": "English/Literary Related",
        "First Language": 1,
        "Foreign Language": 4,
        "History/Philosophy/Psychology": 3,
        "Information Technology": 3,
        "Economics/Business": 4,
        "Geography": 4,
        "Miscellaneous Arts": 1,
        "Chemistry": 3,
        "Biology": 4,
        "Physics": 4,
        "Computing": 3,
        "Mathematics": 1,
        "Theatre": 4,
        "Arts/Design": 1
    },
    {
        "Career Area": "Media and Journalism",
        "First Language": 4,
        "Foreign Language": 4,
        "History/Philosophy/Psychology": 1,
        "Information Technology": 4,
        "Economics/Business": 4,
        "Geography": 4,
        "Miscellaneous Arts": 4,
        "Chemistry": 4,
        "Biology": 4,
        "Physics": 3,
        "Computing": 4,
        "Mathematics": 1,
        "Theatre": 4,
        "Arts/Design": 4
    },
    {
        "Career Area": "Agriculture and Land-Based",
        "First Language": 4,
        "Foreign Language": 4,
        "History/Philosophy/Psychology": 4,
        "Information Technology": 4,
        "Economics/Business": 3,
        "Geography": 4,
        "Miscellaneous Arts": 4,
        "Chemistry": 1,
        "Biology": 1,
        "Physics": 1,
        "Computing": 3,
        "Mathematics": 3,
        "Theatre": 4,
        "Arts/Design": 4
    },
    {
        "Career Area": "Medicine/Dentistry/Veterinary",
        "First Language": 1,
        "Foreign Language": 2,
        "History/Philosophy/Psychology": 1,
        "Information Technology": 3,
        "Economics/Business": 1,
        "Geography": 4,
        "Miscellaneous Arts": 4,
        "Chemistry": 4,
        "Biology": 1,
        "Physics": 4,
        "Computing": 4,
        "Mathematics": 2,
        "Theatre": 4,
        "Arts/Design": 4
    },
    {
        "Career Area": "Language-Related",
        "First Language": 1,
        "Foreign Language": 2,
        "History/Philosophy/Psychology": 4,
        "Information Technology": 4,
        "Economics/Business": 4,
        "Geography": 4,
        "Miscellaneous Arts": 4,
        "Chemistry": 3,
        "Biology": 4,
        "Physics": 4,
        "Computing": 4,
        "Mathematics": 4,
        "Theatre": 1,
        "Arts/Design": 3
    },
    {
        "Career Area": "Geography and Geology Related",
        "First Language": 3,
        "Foreign Language": 4,
        "History/Philosophy/Psychology": 3,
        "Information Technology": 3,
        "Economics/Business": 1,
        "Geography": 1,
        "Miscellaneous Arts": 4,
        "Chemistry": 4,
        "Biology": 4,
        "Physics": 3,
        "Computing": 3,
        "Mathematics": 3,
        "Theatre": 4,
        "Arts/Design": 4
    }
]